Bayraktar,401,738396,0.36
Messing,812,83374,0.08
Gils,602,818151,0.49
Salice,224,76042,0.86
Oshisanwo,337,734866,0.16
Lovell,939,995266,0.33
Kirkerud,573,920447,0.01
Gurzi,682,197870,0.39
Krablin,812,969666,0.19
Molzberger,505,788226,0.38
Wyckoff,401,111460,0.65
Kakuda,216,602455,0.99
Yeom,580,704786,0.35
Pollacia,304,771557,0.62
Cochran,939,740568,0.82
Priebe,208,854919,0.19
Thisen,252,684770,0.22
Byron,702,763339,0.11
Coupe,918,890980,0.49
Rapicault,405,1000424,0.44
Gopi,308,152862,0.51
Brookman,541,854798,0.46
Murli,906,797285,0.39
Salvesen,412,24346,0.05
Coates,860,632610,0.92
Streng,480,885713,0.83
Purvy,615,435967,0.93
Grunberger,907,309361,0.86
Ingemarson,804,556753,0.11
Raper,352,101311,0.48
Kossowski,715,947187,0.47
Radecki,785,748555,0.75
Brinkschulte,407,840451,0.30
Colnaric,864,188550,0.97
Mastrobuoni,954,799318,0.42
Kirkwood,401,180853,0.78
Nierstrasz,509,972882,0.14
Matheson,812,5882,0.23
Minshall,641,281272,0.45
Vorch,614,474454,0.50
Formella,802,25688,0.14
Wika,224,183894,0.76
Maxemchuk,312,645453,0.95
Holand,302,551524,0.09
Thomson,641,533023,0.53
Lageweg,775,135485,0.19
Massonet,603,617724,0.90
Normark,603,540371,0.97
Reese,769,208134,0.38
Daul,501,653583,0.32
Wendel,870,530833,0.10
Cin,307,375708,0.70
Durst,307,684412,0.38
McClure,937,179558,0.20
Hoang,913,33561,0.99
Feldmann,580,31882,0.37
Luce,208,456572,0.17
Hobby,603,1000119,0.78
Guski,302,110962,0.94
Wadey,401,706784,0.36
Vinay,775,138524,0.09
Sigal,201,399501,0.70
Inza,308,394909,0.67
Naudin,225,52184,0.41
Moumoutzis,801,664755,0.09
Banachowski,985,572017,0.36
Fadgyas,434,908258,0.82
Broker,580,366837,0.16
Hylton,907,984902,0.70
Abelha,956,219781,0.77
Paterakis,908,398310,0.49
Tyszer,808,846249,0.53
Biryukow,520,553077,0.28
Friman,307,470816,0.15
ORiordan,251,457778,0.31
Tillich,616,756625,0.90
Schwabacher,202,452032,0.76
Mukouchi,603,706580,0.03
Simplot,401,79027,0.79
Hilliard,701,191076,0.36
Bandat,304,872664,0.36
Gopalakrishnan,769,693994,0.87
Jouvelot,202,228530,0.94
Handelman,864,259467,0.61
Plotkin,208,289069,0.39
Janusz,928,30223,0.82
Elustondo,952,719200,0.22
Lukanowicz,347,865803,0.90
Lorch,703,35403,0.64
Geldenhuys,808,627623,0.99
Schleiermacher,914,297960,0.08
Rehn,702,896126,0.52
Gentleman,410,416529,0.02
Oostrum,401,594127,0.32
Seyfer,234,823873,0.43
Camarinopoulos,859,420192,0.62
Paddon,410,111655,0.15
Rimmer,907,837472,0.71
Gohara,516,174606,0.33
Gras,435,681463,0.36
Gruenwald,423,471417,0.87
Mandviwalla,251,99415,0.18
Zaiane,907,441468,0.32
Biso,870,642346,0.98
Smaragdakis,208,300854,0.24
Lust,401,11986,0.75
Gilmore,480,978840,0.28
Reiprich,203,344834,0.29
Vincente,769,782215,0.15
Lukassen,616,639204,0.93
Putfarken,252,699762,0.26
Kilgore,225,910199,0.58
Lenart,701,217845,0.11
Grau,978,658513,0.56
Baak,907,271114,0.33
Chinin,630,607602,0.91
Yamagchi,308,24707,0.07
Reich,434,68829,0.69
Tomii,612,618581,0.51
Salmon,956,197792,0.31
Tomov,202,500740,0.85
Swick,979,819886,0.30
Kindlmann,419,452940,0.98
Seegmuller,603,236687,0.31
Baxter,202,808922,0.28
Christmansson,435,734305,0.98
Popa,308,819154,0.09
Gutz,212,854609,0.66
Dagtas,307,758939,0.39
Kavvadias,678,138458,0.16
Varker,970,425344,0.17
Gjerlov,406,368381,0.32
Oettinger,401,385385,0.33
Etzl,646,895349,0.88
Horndasch,551,509719,0.49
Dniestrowski,435,626038,0.31
Verhaegen,606,429902,0.16
Zincke,253,131080,0.65
Bodagala,720,976793,0.06
Kell,603,607748,0.29
Normand,208,151777,0.86
Wahls,971,366083,0.89
Latch,605,855021,0.97
Schwiegelshohn,907,902663,0.95
Aronsson,713,445240,0.59
Smotrovs,352,262960,0.36
Bly,972,812349,0.96
Sobalvarro,337,562483,0.11
Viguier,913,957859,0.74
Parter,207,773380,0.29
Xianchang,414,305109,0.12
Grahn,973,886878,0.15
Calvin,501,335330,0.33
Aybay,843,471967,0.95
Strausfeld,940,759531,0.12
Ebrahimi,251,107461,0.15
Ullman,603,790420,0.57
Campagnoni,814,134096,0.65
Wallgren,769,64333,0.23
Dusse,203,582933,0.66
Schewe,304,177332,0.68
Koepf,443,6512,0.53
Wettschereck,605,724764,0.76
Zaguia,614,451837,0.28
Pietrzak,520,497417,0.84
Pargas,862,326761,0.95
Ducloy,207,195691,0.08
Samaddar,562,145393,0.81
Mutschke,860,331337,0.77
Pietra,319,709183,0.34
Schell,727,943547,0.78
Campr,769,118026,0.73
Yurov,937,984770,0.81
Rahmeh,951,316644,0.94
Bugaenko,321,746991,0.80
Barriere,301,546290,0.71
Holtman,952,393582,0.35
Varsek,701,334010,0.36
Halici,808,195455,0.26
Kunkdelmann,787,535044,0.37
Shneerson,203,779681,0.26
Iisaka,865,943352,0.77
Bern,970,606540,0.50
Belzer,405,712657,0.30
Bridges,830,88026,0.92
Heikes,702,159991,0.90
Sekine,978,2759,0.53
Gerace,505,127142,0.21
Duong,701,577435,0.21
Jakobovits,509,115726,0.43
Nagasamy,775,493966,0.96
Radecka,406,996993,0.49
Rebaine,719,785253,0.94
Jahnichen,808,697985,0.99
Dymetman,610,782052,0.14
Cornero,202,534930,0.73
Jeffrey,719,178940,0.62
Millo,303,66728,0.56
Toyoshima,305,750275,0.70
Macnee,660,678679,0.62
Parris,971,855516,0.21
Lauterbach,513,828475,0.61
Caulk,605,309753,0.88
Rochowiak,205,209625,0.04
Ricardo,712,873214,0.95
Baum,970,547027,0.73
Ayoubi,412,192453,0.42
Takagi,863,684794,0.78
Ziskin,515,732154,0.35
Junger,207,488611,0.96
Stemmer,970,598789,0.14
Amandi,860,182753,0.32
Unalyr,631,486241,0.66
Kossowski,304,990765,0.19
Marinova,504,297469,0.28
Klassen,760,240228,0.31
Angel,479,209279,0.58
Roddick,636,431873,0.25
Kesavan,770,274589,0.25
Nassif,731,677765,0.41
Staudinger,425,81555,0.70
Uesaka,913,426176,0.91
Markosian,256,518760,0.17
Bozinovic,207,847288,0.27
Behr,405,849779,0.06
Abb,406,90903,0.66
Melton,603,659613,0.42
Hjalmtysson,808,63249,0.89
Wiegley,907,523288,0.60
Berger,434,336454,0.94
Orozco,763,107652,0.87
Prini,785,164531,0.23
Kleiser,860,177194,0.22
Coney,207,436463,0.44
Mukerji,208,818023,0.09
Trimble,206,102003,0.43
Cullingford,907,622777,0.53
Twidale,801,38243,0.53
Dahl,302,114234,0.69
Frederiksen,907,878252,0.05
Tolva,517,313112,0.50
Kalkbrener,401,104272,0.87
Seredynski,928,329585,0.67
Biro,802,503100,0.17
Berdichevsky,302,537911,0.15
Kontos,502,365887,0.06
Muniz,603,993677,0.47
Hladik,940,766429,0.09
Thomasset,208,505637,0.36
Christmansson,202,385258,0.42
Philips,931,191954,0.10
Tamches,206,155790,0.76
Klerer,208,157784,0.12
Khoury,515,564690,0.64
Osoba,307,642744,0.35
Czapiewski,757,686408,0.24
Sendrier,605,56753,0.37
Nergos,253,453142,0.90
Masand,505,838428,0.09
Haraguchi,207,132061,0.44
Preishuber,413,999455,0.65
Orsini,702,2463,0.30
Rostami,262,210570,0.29
Gewali,541,86562,0.10
Leivant,603,705792,0.27
Parnas,207,95008,0.23
Derthick,775,30898,0.42
Matsubara,435,724670,0.18
Jindal,229,169583,0.00
Bonifati,870,938890,0.09
Krackhardt,641,119580,0.20
Meekings,318,900372,0.52
Biros,307,766989,0.41
Kouzes,501,421309,0.38
Krull,307,462593,0.26
Halverson,769,129739,0.80
Falck,406,753375,0.13
Reinitzer,262,768507,0.57
Haslam,402,2759,0.19
Hassin,218,377774,0.33
Alfonsin,414,324321,0.94
Kinsner,551,31222,0.37
Balcom,302,539201,0.33
Tanzariello,636,513886,0.45
Berezin,505,751589,0.82
Goft,270,112353,0.25
Feast,802,828433,0.34
Chitil,808,567931,0.17
Bergamini,860,578748,0.10
Sendrier,206,141083,0.52
Hallet,314,894908,0.41
Caudill,603,87522,0.78
Serpell,773,476679,0.59
Uppaluru,580,416263,0.30
Cusack,412,174096,0.49
Bohlen,402,942288,0.93
Nuutila,541,51121,0.90
Bradac,402,410241,0.04
Clemmensen,217,359628,0.75
Backus,843,511406,0.41
Baya,605,513171,0.80
Carchiolo,504,802659,0.87
Vanwelkenhuysen,207,813364,0.65
Bekakos,307,470102,1.00
Relihan,207,902540,0.89
Gurla,812,234725,0.54
Schach,256,98880,0.72
Kuninobu,843,808905,0.22
Khodabandeh,802,370037,0.50
Welham,775,182075,0.05
Dyckhoff,660,695376,0.56
Goering,571,697332,0.35
Katz,505,107814,0.28
Marazakis,228,664312,0.65
Pagter,801,793574,0.53
Leinwand,615,523144,0.18
Gyseghem,520,693304,0.81
Mattern,574,13423,0.67
Brunn,443,922289,0.63
Rostami,612,355942,0.12
Oomachi,351,27823,0.26
Clough,406,425545,0.62
Schonhut,317,860496,0.54
Moshkov,731,353740,0.55
Daijavad,320,759794,0.34
Basart,970,772858,0.39
Villalba,301,365147,0.38
Hosaka,435,854921,0.92
Banach,973,952553,0.02
Brendel,913,857039,0.18
Rieu,334,513530,0.46
Chengzheng,719,572117,0.90
Haasis,973,527587,0.82
Yurov,202,736570,0.08
Gerbig,919,490041,0.45
Bisseret,202,272877,0.69
Sury,870,998186,0.59
Rist,479,800773,0.50
Macgregor,580,949586,0.78
Kontos,301,335419,0.91
Pollermann,678,823101,0.95
Rohrbach,615,347828,0.20
Homeier,802,792900,0.26
Quittner,801,807026,0.75
Brunn,401,262169,0.86
Arditi,678,303172,0.49
Ohmoto,347,420701,0.36
Zadeh,256,637760,0.33
Tuminaro,281,442163,0.56
Fayyad,406,796961,0.93
Birchall,763,806281,0.66
Hongyuan,240,914549,0.80
Crosby,603,912190,0.52
Poigne,678,281101,0.47
Cavendish,802,191766,0.80
Slobodova,503,701264,0.72
Bodor,928,820061,0.65
Prevel,516,568325,0.79
Abayan,785,418151,0.11
Schach,828,233889,0.63
Louis,701,642133,0.50
McDonald,270,331221,0.79
Shippy,435,836689,0.69
Rick,605,509673,0.39
Sinclair,413,759729,0.81
Jezek,720,896595,0.19
Trelles,601,270613,0.07
Wattum,928,200262,0.29
Keng,651,622922,0.50
Wilm,307,608016,0.72
Wick,641,246035,0.55
Tomic,207,57452,0.60
Kavasseri,260,991810,0.65
Schmiedel,508,704186,0.59
Gnutzmann,859,222511,0.16
Lugannani,781,519222,0.38
Daya,225,85565,0.02
Dempsey,435,489151,0.69
Govers,406,340986,0.63
Bromley,414,276386,0.28
Luft,308,411924,0.47
Kalyanakrishnan,303,485284,0.11
Erbe,505,636640,0.65
Haraguchi,304,268547,0.19
Krishnaswamy,740,951734,0.56
Normoyle,802,680147,0.90
Chappelet,714,130442,0.75
Lunbeck,808,428665,0.86
Alameldin,260,882420,0.11
Goes,207,508514,0.32
Belkhatir,301,98711,0.89
Colignon,219,200683,0.97
Basili,251,172128,0.59
Gente,304,378176,0.81
Kappner,410,74228,0.55
Stafford,414,242829,0.91
Phalke,573,472371,0.39
Luesebrink,224,912890,0.19
Sebastio,423,261749,0.67
Syed,951,542581,0.97
Ballinger,978,636641,0.55
Selvestrel,763,364075,0.53
Fastenbauer,939,967847,0.47
Benoit,505,503224,0.86
Wasano,520,244082,0.86
Simec,956,805962,0.78
Bouabdallah,479,225396,0.62
Vines,302,788906,0.17
Daskalopulu,907,76358,0.88
Duwairi,509,486141,0.58
Onaga,209,879138,0.17
Kolinko,814,52539,0.65
Layer,802,229173,0.71
Olken,303,70226,0.91
Kalashnikov,308,131408,0.32
Markosian,802,300502,0.86
Grieszl,603,280914,0.39
Lapez,302,764686,0.77
Strehlo,401,949790,0.31
Berger,802,300307,0.01
Saoudi,907,579747,0.73
Winzen,931,257838,0.80
Zoller,302,448056,0.12
Broscius,480,778564,0.72
Eizirik,757,123751,0.79
Meusel,608,169099,0.89
Steffan,727,343639,0.03
Bocquet,904,526965,0.69
Estier,980,658491,0.02
Crotty,479,984179,0.26
Gierl,360,479629,0.45
Wilhelm,201,753534,0.90
Shinomoto,225,383273,0.02
Nola,804,541113,0.37
Putfarken,606,33818,0.09
Prunet,401,535579,0.18
Narinani,828,880575,0.88
Nassif,920,852310,0.83
Leemis,435,657808,0.91
Emiris,262,492043,0.22
Bustard,307,192777,0.42
Mascha,580,174049,0.70
Bias,478,546951,0.01
Samadani,507,365902,0.65
Muniz,802,331235,0.77
Wesley,608,991945,0.29
Redmill,561,594590,0.29
Auton,202,87264,0.50
Keronen,406,476695,0.15
Grunberger,412,241003,0.03
Solovay,508,280184,0.67
Tsukune,712,67506,0.78
Bays,303,205526,0.70
Zajak,440,615294,0.42
Bidulock,605,798374,0.47
Gurzhiv,901,502000,0.17
Randt,414,30277,0.41
Wyrostek,864,174603,0.70
Abrantes,401,856382,0.90
Ghelli,917,118326,0.98
Bencher,971,315222,0.56
Nerode,405,202506,0.35
Scutella,606,480224,0.28
Pineo,971,136916,0.66
Kadur,763,741641,0.07
Alameldin,913,466655,0.45
Calkins,808,509041,0.40
Khasidashvili,801,998082,0.87
Biolsi,605,50398,0.02
Oppenheim,925,375731,0.42
Desbois,973,895870,0.24
Queinnec,980,708117,0.87
Khair,603,227177,0.05
Pfefferer,304,353503,0.68
Gerth,401,582159,0.42
Nieuwejaar,484,998463,0.37
Basu,256,756699,0.38
Leivent,308,897651,0.76
Kruskal,202,366590,0.33
Eaglestone,218,126502,0.14
Bodla,606,130152,0.87
Obaidat,808,335341,0.75
Sugimura,503,688618,0.34
Schoder,712,101467,0.98
Klette,701,112241,0.86
Carlsson,787,160028,0.61
McKeague,770,366748,0.27
Dal,907,102723,0.30
Encarnacion,860,799910,0.66
Ballarin,605,235347,0.21
Klingspor,308,506894,0.15
Lonchamp,712,938883,0.47
Schena,307,322576,0.87
Melvin,864,920675,0.03
Berztiss,901,427611,0.08
Tawfik,512,139213,0.17
Klette,240,720714,0.11
Tsiligaridis,616,939313,0.12
Sallet,401,450087,0.08
Murao,208,215639,0.42
Leitman,208,438844,0.88
Hammami,719,338630,0.28
Noah,412,641427,0.93
Gautschi,913,319012,0.91
Ovrutcki,801,489539,0.40
Parker,307,55892,0.76
Bratten,769,738845,0.19
Zaroliagis,307,44659,0.19
Baranowski,920,612183,0.15
Bird,440,377054,0.79
Hasenauer,202,635755,0.18
Eisenstadt,417,149891,0.60
Padiou,619,614697,0.69
Alhajj,401,270232,0.76
Mittal,907,921978,0.97
Mikus,505,566777,0.49
Socorro,312,528887,0.25
Miczo,765,711630,0.83
Gramp,775,754871,0.84
Ventsov,812,284817,0.09
Casey,662,150807,0.38
Niblett,928,632800,0.35
Stroup,303,959937,0.58
Mekaouche,601,950424,0.73
Cam,304,287965,0.89
Otillio,804,355002,0.28
Tsujishita,787,853769,0.43
Crossley,401,526403,0.49
Cheiney,808,883699,0.33
Jaakkola,662,411729,0.60
Berild,802,54248,0.11
Schiex,603,331297,0.67
Baransel,360,725515,0.63
Gazdar,731,432753,0.36
McDermott,567,252923,0.22
Gosling,501,128027,0.79
Vaudenay,918,173210,0.60
Post,802,258692,0.47
Thollembeck,802,465389,0.81
Scheidler,810,176053,0.02
Devroye,207,443916,0.51
Orlando,208,647028,0.79
Evens,406,9865,0.40
Flatley,712,879093,0.61
Petrovic,801,36391,0.12
Eaglestone,248,648482,0.31
Kolinko,606,497923,0.24
Scedorov,712,85160,0.74
Broeg,907,480374,0.41
Poulsen,207,900366,0.96
Scheer,479,338059,0.11
Blumann,207,294549,0.39
Shanblatt,612,453267,0.33
Ziarko,406,619798,0.64
Olveszky,641,806461,0.90
McAffer,828,666730,0.11
Bozinovic,702,624969,0.83
Leishman,304,182979,0.60
Munawer,605,529711,0.97
Styles,802,523235,0.20
Petry,505,670117,0.93
Orozco,215,734326,0.50
Bourassa,831,461840,0.45
Trefftzs,505,124017,0.49
Mellouli,636,810488,0.59
Rachel,320,463490,0.16
Terenzi,775,36098,0.20
Tomic,602,18359,0.04
Schervish,813,123555,0.76
Iorio,251,985610,0.07
Blomer,985,960499,0.92
Reps,304,933209,0.85
Berbert,907,574365,0.45
Sawyers,865,863347,0.24
Bub,802,155910,0.67
Nassif,405,30742,0.19
Birke,602,707573,0.67
Eichenberger,623,2204,0.31
Mezei,970,912745,0.52
Nordemann,302,580253,0.33
Vollamr,731,851168,0.73
Feulner,802,200554,0.59
Bryan,765,571043,0.26
Stessman,570,838220,0.83
Bae,409,560143,0.17
Glanzel,216,583696,0.20
Ritondale,810,317461,0.91
Murillo,602,348083,0.74
Kreveld,231,954488,0.81
Sadowsky,207,433026,0.03
Vignollet,603,35097,0.02
Raupp,641,858656,0.61
Koutny,860,868422,0.65
Gruenberg,614,739130,0.61
Shewchuk,414,254931,0.04
Beeferman,802,709469,0.21
Venugopal,703,177455,0.86
Skurczynski,207,512731,0.95
Schoder,808,399363,0.39
Snedden,435,184460,0.62
Ezer,318,255960,0.92
Uhrik,915,778131,0.06
Hancart,787,17140,0.57
Goffin,208,986563,0.99
Zechner,228,17976,0.53
Nguifo,603,440470,0.43
Peltason,907,169916,0.09
Clo,203,551099,0.72
Brakmo,843,828472,0.56
Woch,978,635004,0.59
Jarwala,308,515497,0.76
Gilmore,727,940283,0.29
Rohaly,334,838651,0.56
Koshiba,503,451412,0.83
Vahdat,907,502772,0.58
Diener,812,155290,0.41
Mozdzynski,202,338230,0.87
Roussou,212,638434,0.73
Svjatnyi,605,578109,0.22
Liddle,303,206353,0.95
Conta,571,767030,0.62
Poesio,503,990619,0.45
Morillo,605,97531,0.99
Sichman,760,395176,0.50
Mussi,757,325257,0.92
Karasan,808,400353,0.52
Collinot,682,860173,0.85
Beydoun,317,694912,0.59
Hopcroft,720,337603,0.23
Sahulka,828,963498,0.02
Asperti,580,246866,0.36
Rilling,307,497526,0.54
Rissland,479,375752,0.24
Middleburg,985,532986,0.42
Halgason,878,374066,0.82
Harllee,309,99840,0.63
Dybjer,253,47256,0.67
Deussen,724,585024,0.28
Mitchusson,843,660480,0.07
Devgan,407,146488,0.15
Vendrig,775,693131,0.81
Worley,302,930966,0.76
Ciarlo,505,366677,0.95
Koponen,603,895662,0.49
Mascle,318,582601,0.45
Magnusson,419,161698,0.12
Vural,603,558577,0.34
Desmedt,410,829003,0.09
Hofstetter,302,567413,0.92
Rahier,724,921913,0.86
Wongsaroje,773,191945,0.11
Hatakka,207,933872,0.83
Ciardo,208,999014,0.97
Seggelke,202,763098,0.83
Kate,769,271752,0.02
Lobelle,202,671381,0.84
Weinbaum,716,793299,0.35
Dondis,843,534296,0.54
Clary,251,683891,0.25
Vesna,307,551734,0.60
Nishizaki,307,56890,0.05
Brazile,386,595945,0.88
Khouja,605,947421,0.13
Bax,787,925921,0.31
Wolniewicz,573,976164,0.68
Schrodl,617,746860,0.04
Scutella,302,860203,0.15
Mayrand,410,81355,0.18
Haarhoff,601,6264,0.29
Subhlok,401,887127,0.84
Swenker,207,272533,0.11
Mikhajlov,602,712745,0.02
Seguel,253,727834,0.34
Varley,864,253598,0.00
Orejas,256,406603,0.88
Kulasinghe,228,338002,0.71
Goor,406,172447,0.01
Englert,603,579750,0.48
Dowden,857,861056,0.94
Labisch,225,653626,0.95
Cordy,320,187143,0.92
Marandzjan,704,911913,0.52
Frisch,775,55629,0.85
Szmurlo,618,250826,0.19
DHooge,401,260638,0.76
Nisonger,939,103260,0.80
Reedy,304,441340,0.35
Carrive,971,68220,0.86
Leite,434,363343,0.82
Heiserman,630,725347,0.40
Scheen,207,830568,0.46
Stickel,847,799684,0.59
Gomi,801,52527,0.56
Andronikos,810,167654,0.55
Dumitrescu,401,871766,0.58
Pawlikowski,971,59840,0.76
Kakkar,918,769874,0.83
Kitano,787,138964,0.80
Koppel,360,369330,0.18
Clamen,734,432864,0.84
Sendrier,989,732622,0.09
Genther,774,792742,0.83
Pinheiro,308,923808,0.17
Dunkel,508,678977,0.64
Salehi,501,423330,0.58
Hebisch,240,720014,0.60
Weerasinghe,918,940981,0.54
Hutter,406,875932,0.86
Eickermann,337,134409,0.99
Gilg,425,618038,0.83
Bauknecht,225,147963,0.01
Reina,405,628668,0.55
Maffray,307,245376,0.03
Hoepman,425,183397,0.60
Fujinami,775,21461,0.21
Bruin,808,802397,0.62
Fierens,907,309456,0.93
Bandoh,203,891627,0.11
Rajcani,253,304725,0.01
Dendrinos,406,863553,0.23
Roullet,228,54914,0.91
Kirkman,859,415829,0.28
Eigler,605,200999,0.31
Losee,606,354916,0.39
Kodera,208,74437,0.05
Tolva,419,136019,0.66
DAmbra,402,819458,0.50
Futtersack,302,726800,0.67
Bies,802,896830,0.31
Collavizza,701,280479,0.82
Zwarico,804,997203,0.22
Dietl,307,287116,0.93
Newstetter,518,271748,0.30
Eastaughffe,302,93048,0.83
Fierens,208,93061,0.98
Thenmozhi,401,288165,0.96
Heyker,787,772902,0.00
McJones,252,175541,0.35
Sauder,919,133409,0.74
Szelepcsenyi,505,197871,0.77
Nalumasu,505,358179,0.97
Presttun,608,201468,0.72
Faour,308,548582,0.88
Kyrimis,304,704949,0.70
Mulkers,502,528493,0.71
Estlin,302,803881,0.68
Meitner,423,672294,0.41
Vassalos,603,15572,0.07
Grana,612,493234,0.31
Magnusson,608,250988,0.41
Gadbois,360,652813,0.22
Gurzi,650,536927,0.52
Phiphobmongkol,848,594694,0.95
Atarashi,202,961019,0.60
Marathe,939,171846,0.07
Spell,435,99165,0.81
Brooke,208,495762,0.47
Goldschmidt,803,154742,0.74
Skansholm,757,691388,0.82
Mittelstras,507,992181,0.72
Kasahara,202,138507,0.30
Parameswaran,207,665585,0.39
Oberhauser,337,647338,0.09
Aucsmith,262,401537,0.57
Capps,810,202624,0.56
Kayser,307,41867,0.60
Suermann,505,551120,0.93
Schiettecatte,301,140721,0.65
Brodie,573,258595,0.12
Strzalkowski,802,415141,0.60
Bennet,850,450538,0.38
Bist,734,578999,0.24
Basili,217,120017,0.26
Manara,870,94718,0.07
Budzinski,541,636350,0.85
Korbar,304,585873,0.48
Ulfberg,315,244265,0.36
Dravida,860,836482,0.09
Kamiya,616,589787,0.24
Leazer,832,359540,0.36
Hoogendoorn,406,761214,0.01
Prior,714,863891,0.89
Bittner,402,350057,0.02
Michailidis,503,379996,0.78
Puppo,814,416202,0.37
Delgrande,801,145768,0.18
Brochard,505,671793,0.56
Sokolin,317,546944,0.98
Rotteler,814,292328,0.96
Ruohonen,208,720418,0.32
Ronkainen,219,59873,0.47
Bael,704,318371,0.32
Kroll,678,548541,0.66
Tsukune,708,775412,0.13
Ercolani,520,108043,0.86
Wurman,207,474461,0.04
Felderman,541,869300,0.17
Alderson,775,382482,0.97
Rekhter,203,784100,0.87
Meriste,430,633001,0.95
Guck,847,319396,0.50
Elustondo,308,215786,0.34
Donati,402,780461,0.95
Rinn,315,643385,0.64
Scholten,909,225679,0.41
Galesi,808,511863,0.46
Ludascher,503,699543,0.95
Shumilov,787,322443,0.72
Haasis,920,26272,0.29
Renner,971,183268,0.90
Smahi,401,104592,0.67
Parveen,302,888464,0.34
Desautels,202,342897,0.88
Upadhyaya,505,614589,0.41
Cusworth,402,391012,0.70
Ilie,724,623082,0.51
Falin,862,495744,0.73
Gnutzmann,302,973113,0.11
Blackall,201,171754,0.40
Eyres,207,744827,0.15
Brune,769,502284,0.76
Viola,401,587227,0.18
Imbert,603,318077,0.29
Langtangen,620,735485,0.70
Hebalkar,505,40953,0.07
Benveniste,769,546759,0.70
Coyle,505,320243,0.77
Meiming,208,108116,0.47
Sherertz,907,276709,0.10
Fiebach,606,80241,0.87
Rozin,276,165205,0.50
Sabelli,401,326128,0.63
Magliveras,479,54813,0.24
Winkels,435,672433,0.84
Elkadi,660,860356,0.70
Rauen,307,518287,0.71
Rauch,603,597353,0.90
Shrivastava,870,209027,0.28
Dorchak,309,571093,0.53
Micheaux,939,988369,0.61
Bednarek,206,322015,0.53
Takesue,405,509402,0.40
Osisek,772,201233,0.59
Uejio,302,811300,0.97
Wotawa,301,313943,0.43
Wellman,651,850884,0.28
Streng,605,24867,0.50
Alfaro,704,546630,0.50
Birattari,701,46028,0.99
Villani,907,962265,1.00
Bresenham,208,702214,0.49
Abell,907,999881,0.35
Ezeiza,786,115531,0.03
Schuschel,803,365612,0.41
Czarnecki,202,24763,0.62
Schurfeld,712,501280,0.88
Iwayama,501,46154,0.94
Gaborit,301,577732,0.86
Peck,864,764901,0.08
Dileva,801,821281,0.25
Adusumilli,260,218983,0.28
Stieger,910,971556,0.97
Koutnik,308,894473,0.71
Koshino,484,274548,0.73
Stoklosa,757,455243,0.38
Rusterholz,816,11285,0.30
Asuru,580,17821,0.04
Kuvayev,928,930920,0.97
Figueira,401,289186,0.50
Mainberger,816,26685,0.51
Benanav,541,712299,0.19
Lisonek,802,746485,0.90
Khang,318,146305,0.02
Ulery,586,520481,0.44
Cairo,216,589154,0.06
Aba,901,743476,0.94
Cunliffe,203,798692,0.89
Otillio,503,255302,0.60
Guaiana,308,971410,0.97
McCormick,205,153691,0.34
Harllee,803,754242,0.48
Grafe,402,693701,0.96
Kinsner,937,828386,0.64
Policriti,787,729566,0.45
Zartmann,505,47887,0.15
Marakhovsky,219,519523,0.68
Ratnaker,617,867272,0.09
Fouks,503,128288,0.99
Carrick,740,184325,0.21
Jouppi,504,987143,0.02
Veljan,719,8404,0.17
Albuquerque,701,359063,0.74
Guenter,928,364830,0.70
Fussichen,712,43903,0.44
Gersonde,985,603322,0.45
Golovchinsky,304,541815,0.47
Mahafzah,785,103769,0.83
Duwairi,339,646891,0.11
Walston,660,243346,0.54
Grbic,952,94749,0.30
Yagi,605,292472,0.81
Pearson,304,570339,0.39
Purday,947,507078,0.66
Velasco,504,49100,0.19
Haban,208,828931,0.58
Rice,701,629476,0.24
Prahl,267,876687,0.70
Reipa,989,955669,0.37
Rubia,856,117588,0.70
Abawajy,402,742525,0.34
Malara,303,642188,0.70
Messabih,231,84223,0.63
Clares,240,199487,0.13
Nagafuji,304,209280,0.97
Tetongnon,731,320849,0.46
Poulter,864,907758,0.07
Prini,240,944485,0.80
Pasztor,405,542643,0.24
Blue,787,828768,0.89
Narwekar,803,870257,0.36
Karcich,734,631036,0.91
Magenheimer,208,703077,0.11
Salman,317,61790,0.50
Fontaine,228,34453,0.78
Rosenberg,252,297550,0.76
Simula,570,707998,0.32
Polster,605,422348,0.58
Eaglestone,208,26709,0.91
Gimbel,315,155772,0.26
Koester,352,447599,0.11
Czech,434,234833,0.26
Roantree,603,743468,0.15
Maccabe,620,452661,0.38
Tekampe,847,13136,0.62
Donato,985,811105,0.01
Wolf,302,890009,0.73
Gerschenfeld,843,162432,0.33
Grab,423,3760,0.07
Aboutabl,435,956021,0.52
Schulman,920,601257,0.91
Zadeh,425,199739,0.11
Schaaf,860,569734,0.83
Schmiedel,786,843590,0.71
Haudot,602,147196,0.87
Lavva,919,468087,0.41
Greenaway,980,954223,0.96
Drakopoulos,907,69887,0.31
Svjatnyi,802,910102,0.02
Mihoubi,623,29009,0.61
Constantine,912,247368,0.14
Stenstrom,608,931878,0.27
Fairtlough,787,944295,0.98
Reith,803,170598,0.74
Wavish,551,793682,0.07
Apperley,207,577166,0.83
Ciorba,417,392876,0.38
Davy,907,816922,0.42
Burnhill,401,320437,0.96
Dumer,308,432053,0.25
Rhee,787,194772,0.73
Cosar,406,760079,0.42
Brookman,307,881308,0.45
Guardalben,505,88013,0.61
Fusaschi,878,397704,0.90
Alfaro,203,824446,0.09
Babaguchi,870,35920,0.52
Carrier,402,399737,0.75
Nunn,417,499138,0.41
Smotrovs,304,199557,0.83
Rudaz,443,322441,0.43
Kelb,801,163383,0.98
Hansmann,707,6655,0.02
Diebold,484,279972,0.26
Sabadini,939,812862,0.13
Emond,260,480116,0.16
Pinar,802,760871,0.16
Gusella,401,619548,0.44
Borgelt,636,638893,0.27
Livadas,240,64784,0.63
Kalamatianos,301,632785,0.45
Dullea,785,462510,0.55
Schonhut,734,833350,0.29
Apsitis,971,202551,0.66
Faletti,769,507189,0.82
Belussi,903,278293,0.28
Greenbaum,202,483065,0.48
Mesnard,567,508385,0.32
Camarinopoulos,801,237186,0.27
Yamnitsky,918,506440,0.67
Plesow,908,70048,0.16
Peris,302,492087,0.28
Grizzle,623,725679,0.83
Inari,405,59686,0.53
Berbert,718,31935,0.43
Schoegge,551,330442,0.55
Kaye,603,96157,0.86
Kriegel,202,111784,0.11
Wadel,541,893175,0.72
Bahnasawi,808,291346,0.34
Stepanek,702,802089,0.24
Wherry,870,460773,0.71
Vollamr,251,265369,0.12
Dalheimer,808,949040,0.47
Leick,816,583720,0.60
Bly,479,526381,0.36
Buzato,517,86631,0.70
Kleinholz,970,691737,0.79
Streng,931,964052,0.44
Cannane,360,699997,0.93
Gorg,808,928311,0.81
Eiter,302,301112,0.27
Angeline,402,705884,0.55
Hertweck,406,81666,0.88
Boday,505,120561,0.61
Katona,724,898543,0.92
Ranka,240,84560,0.42
Sybre,843,901285,0.26
Therien,775,242303,0.96
Stockus,870,590025,0.94
Gornas,520,285466,0.66
Rotenberg,857,277595,0.69
Newson,973,417523,0.35
Westcott,605,833974,0.02
Ronkainen,803,67041,0.03
Kavaky,256,47446,0.02
Minei,727,524059,0.99
Canning,205,575461,0.39
Grady,701,303703,0.40
Ramamoorthy,301,269109,0.09
Wortmann,304,612393,0.83
Etzl,603,12264,0.52
Amrhein,334,250547,0.96
Tanida,908,125108,0.01
Heusch,414,686575,0.69
Journel,502,2758,0.94
Peot,808,429514,0.76
Rada,507,635657,0.34
Ostertag,787,952223,0.04
Alpay,229,395874,0.57
McKinley,207,396278,0.63
Hedlund,202,911067,0.22
Wrobel,980,720768,0.64
Budimac,205,355556,0.16
Nations,312,574705,0.05
Sobalvarro,302,301016,0.93
Rothwell,580,559980,0.02
Gecsei,773,618473,0.16
Dean,651,702356,0.35
Magnusson,308,928770,0.46
Jueneman,520,922143,0.64
BaronLaurie,505,312460,0.59
Calisti,646,886448,0.84
Zunino,505,161566,0.44
Perri,865,557058,0.43
Cyranek,864,54240,0.23
Pong,615,638175,0.59
Latta,412,588899,0.34
Cullers,303,286397,0.14
Arroyo,808,189072,0.82
Freivalds,573,991051,0.80
Heemskerk,405,164554,0.92
Rilling,859,645098,0.53
Cosma,307,73790,0.05
Pfefferle,401,815012,0.25
Lafferriere,401,247623,0.96
Tartalja,570,519365,0.90
Wheen,410,243717,0.10
Mackenthun,802,267320,0.09
Pook,267,998323,0.58
Nergos,307,564721,0.54
Rodier,307,876979,0.19
Muhlenbein,731,144819,0.27
Kacprzyk,775,344164,0.15
Udding,308,620709,0.27
Hauswirth,251,623798,0.07
McKinley,781,109014,0.16
Beutelspacher,715,415587,0.28
Costake,913,44213,0.65
dAlcantara,802,960386,0.74
Wiel,774,489125,1.00
Hartrumpf,606,679553,0.69
Llorente,623,244638,0.37
Gruenefeldt,770,42932,0.73
Laube,253,348809,0.92
Kasriel,435,44078,0.89
Winkler,260,493105,0.66
Wigderson,253,465639,0.49
Podkolzin,207,538812,0.81
Rosenblitt,770,992311,0.20
Kuiper,504,225456,0.05
Gustavson,641,917441,0.58
Steckelberg,563,564716,0.11
Boehm,878,55763,0.77
Quisquater,334,681126,0.76
Hittos,317,673680,0.36
Wesley,970,998792,0.94
Soreide,774,49817,0.59
Serov,918,392743,0.56
Heiserman,865,564647,0.61
Cakir,203,732358,0.86
Duspohl,717,848704,0.14
Gruenefeldt,712,662592,0.36
Grabner,430,118383,0.75
Malara,971,553597,0.11
Verykios,601,217828,0.08
Simula,985,286586,0.28
Leitsch,505,194060,0.64
Zabel,228,6534,0.40
Bateman,802,687969,0.92
Henderson,309,162079,0.78
Dargam,848,132597,0.94
McCann,616,341222,0.18
Gasieniec,302,423462,0.40
Lyuu,406,720007,0.12
Tollu,641,630775,0.62
Stanney,785,326128,0.52
Battaiola,843,700488,0.61
Dusse,207,57412,0.25
Rivals,302,251167,0.56
Koschutzki,317,918782,0.44
Penz,228,418216,0.78
Mukaidono,607,788848,0.09
Postley,802,162715,0.43
Eldridge,513,308199,0.78
Shilling,401,795060,0.66
Pietra,312,223321,0.30
Glymidakis,305,972236,0.54
Menezes,808,657738,0.88
Skrikant,860,507599,0.66
Popplestone,203,629906,0.29
Zunino,985,788025,0.94
Sybre,308,312472,0.89
Fujisawa,208,1001732,0.07
Whitley,701,810898,0.56
Serrano,703,215643,0.18
Butcher,702,931809,0.12
Lester,302,320869,0.67
Mirandola,316,10810,0.75
Frison,770,49049,0.52
Mascha,423,734278,0.78
Tawfik,808,581836,0.73
Pollock,270,963319,0.99
Konuru,307,82160,0.66
Lotem,541,331668,0.10
Chandru,775,935131,0.35
Pulkowski,701,539895,0.96
Romijn,202,150640,0.05
Botuscharov,646,187209,0.54
Hodil,605,412446,0.17
Svensson,304,586007,0.98
Jeris,508,969230,0.29
Zlotek,802,544871,0.24
Melzer,423,198690,0.44
Greca,662,364011,0.48
Beeson,440,616946,0.66
Sollins,907,282998,0.39
McGuffin,978,864104,0.32
Anh,678,291655,0.38
Khosla,980,305052,0.18
Schiettecatte,401,202831,0.89
Steenbeek,919,10188,0.46
Faron,225,952050,0.72
Kragelund,432,746072,0.21
Frezza,302,634563,0.31
Tredennick,207,526660,0.19
Wolfram,773,314178,0.11
Quarrie,224,836907,0.00
Gellerich,603,860939,0.49
Bondorf,870,297270,0.87
Okasaki,918,488441,0.99
Fauth,857,239209,0.79
Goff,203,956393,0.95
Azzam,417,391449,0.96
Verbitsky,720,139327,0.08
Carrico,724,872428,0.80
Pogrzeba,401,928955,0.12
Osone,660,66687,0.86
Halper,860,607041,0.36
Garrett,219,156812,0.75
Frezza,217,369345,0.85
Macpherson,520,540205,0.74
Dinkhoff,304,872118,0.51
Medvidovic,939,462158,0.49
Kogut,605,331420,0.30
Petroski,414,593704,0.36
Hollenbach,774,260875,0.01
Meysembourg,562,504450,0.94
Baucke,939,800607,0.97
Giesl,715,149901,0.57
Bhaskar,414,966428,0.84
Rege,402,234301,0.68
Ossenbruggen,432,258859,0.23
Autin,401,364412,0.96
Neuwirth,402,231610,0.62
Dorsett,775,822735,0.64
Schrooten,208,777474,0.89
Staggers,731,378146,0.98
Kobylarz,907,753659,0.32
Aparicio,718,436074,0.73
Chengzheng,617,89702,0.11
Heindl,802,142840,0.62
Kamijo,907,841860,0.06
Goto,608,58680,0.48
Rivals,907,152243,0.69
Yntema,862,328364,0.05
Kourie,505,367468,0.27
Gadbois,352,658912,0.82
McCann,774,228431,0.89
Ruhland,828,331899,0.25
Popplestone,517,193754,0.03
Perschbacher,802,743829,0.21
Schaffter,505,120362,0.17
Greve,310,700385,0.54
Klassen,971,106742,0.75
Ishibashi,202,189611,0.36
Reiz,580,117929,0.47
Klevans,314,841702,0.72
Schrufer,720,578724,0.22
Nemeth,939,814727,0.78
Emmerich,302,329453,0.59
Skogmar,616,843110,0.01
Roehmer,401,17060,0.10
Levergood,405,543618,0.36
Pohl,701,710946,0.23
Dolken,605,128868,0.77
Castella,202,968758,0.42
Bronstein,801,35850,0.04
Vollaro,906,872850,0.41
Philips,479,964251,0.97
Groenemans,775,117371,0.07
Kakuda,304,515037,0.64
Fattah,636,351095,0.96
Kasriel,302,877297,0.80
Spauster,318,795343,0.59
Woit,253,847962,0.39
Konchady,501,721008,0.30
Hooker,406,738185,0.40
Darell,802,418954,0.03
Rips,314,842558,0.81
Gevinti,203,998636,0.26
Rothenberg,608,218373,0.78
Islam,207,36557,0.04
Morvan,720,730712,0.28
Enomoto,269,852082,0.74
Narahari,804,573678,0.60
Hiroike,508,423849,0.83
Kubela,907,629682,0.91
Sinthupinyo,229,684266,0.61
Hoofman,402,315601,0.76
Vajtersic,478,256579,0.76
Demri,307,534301,0.16
Ventura,770,651117,0.44
Glenstrup,251,431246,0.23
Aluja,828,14427,0.85
Clapp,417,797648,0.95
Buchberger,605,869527,0.42
Chiodo,425,385135,0.52
Ariyawansa,425,804331,0.74
Leiss,202,541453,0.95
Pampoukis,912,105981,0.51
Dumitrescu,507,665802,0.12
Worn,207,273757,0.43
Schiefer,401,960359,0.20
Cichon,808,85074,0.97
Parmee,606,762749,0.89
Kavanagh,845,781917,0.43
Greitane,304,479532,0.95
Ziller,802,601165,0.40
Vinson,701,53404,0.53
Louis,309,774949,0.26
Gaborit,843,511507,0.81
Graaff,502,124637,0.58
Bakhtiari,302,161617,0.71
Tolba,260,125415,0.51
Bellmore,207,47978,0.08
Supornpaibul,971,555853,0.27
Cavendish,435,605888,0.18
Schaul,808,78596,0.26
Golgstein,716,372751,0.78
Kawakami,551,692186,0.01
Schuning,505,602476,0.38
Melzer,973,358411,0.15
Nord,516,537417,0.93
Grnarov,435,782146,0.19
McWilliams,769,170835,0.29
Sidebottom,720,233917,0.53
Gwertzman,304,113123,0.04
Dreier,734,377767,0.82
Gerke,253,104786,0.03
Sekine,808,414421,0.24
Reddi,970,6916,0.67
Horswill,605,677921,0.58
Besl,234,274781,0.83
Krunz,406,385789,0.14
Lappalainen,202,799574,0.80
Lores,865,460875,0.82
Valmari,615,29294,0.85
Ramalingam,252,931195,0.55
Mindt,919,788921,0.48
Schuster,702,391485,0.65
Lutterkort,240,235873,0.15
Bergher,208,660649,0.10
Cleveland,605,417875,0.67
Heering,865,465951,0.83
Tiskin,812,887601,0.00
Sione,202,865355,0.61
Tisato,307,564958,0.73
Malhis,406,527733,0.63
Cucka,570,374738,0.65
Usui,307,289004,0.62
Hatkanagalekar,336,329934,0.28
Beth,985,911287,0.43
Ranst,203,740451,0.71
Cotofrei,580,575721,0.76
Dey,703,420878,0.33
Berild,706,117256,0.91
Charatonik,773,619559,0.80
Hibberd,716,30086,0.44
Machesky,971,861134,0.81
Forcade,229,530238,0.77
Plum,303,950448,0.82
Schlimbach,207,458343,0.46
Heydon,510,769827,0.07
Gimbel,309,116754,0.16
Horiguchi,620,67319,0.90
Marrakchi,207,959398,0.46
Bicarregui,937,998084,0.24
Lampen,678,918486,0.30
Papelis,402,469747,0.72
Haban,870,549228,0.80
Carletta,260,35340,0.38
Luft,206,986916,0.76
Priest,603,284012,0.66
Scheunemann,954,563642,0.11
Cranor,312,202169,0.08
Barreteau,912,166238,0.00
Coroyer,787,107396,0.08
Barz,907,625910,0.08
Vernalde,660,434616,0.43
Maliniak,307,416688,0.85
Magidor,302,869962,0.00
Tekampe,787,648859,0.40
Jaklic,605,668114,0.68
Kochs,304,985787,0.50
Yang,602,973907,0.14
Bencher,541,244816,0.17
Kranakis,276,377224,0.26
Jantke,754,54315,0.19
Krishnaswami,213,974015,0.15
Nagasaka,985,677387,0.71
Tacic,860,570942,0.67
Tsujishita,224,372872,0.84
Bergey,404,392789,0.52
Saslan,409,555622,0.10
Mittal,503,829807,0.29
Castells,714,944610,0.38
Ariola,623,808659,0.10
Gilon,307,177054,0.88
Cincotta,585,663685,0.47
Botman,218,372294,0.46
Stenstrom,937,219701,0.44
Carmo,402,881765,0.90
Swanberg,952,972123,0.79
Steinparz,203,377278,0.55
Basart,907,556352,0.56
Khodabandeh,330,911317,0.05
Rinschede,818,854922,0.26
Tiernan,402,682342,0.43
Kameny,703,937931,0.18
Bael,334,19548,0.09
DeLano,701,877724,0.30
Bade,605,652145,0.84
Mulkers,435,714026,0.73
dAlcantara,603,903278,0.49
Serrano,307,782848,0.72
Yochum,952,497690,0.72
Swenker,308,756552,0.29
Garrard,208,634285,0.73
Laventhal,785,663459,0.68
Belyaev,907,796823,0.84
Dabdub,801,850999,0.49
Widjojo,870,310902,0.90
Bearman,636,777975,0.34
Loganantharaj,405,529937,0.34
Dunlop,502,546430,0.58
Giavitto,503,682941,0.13
Petri,623,316307,0.15
Chilukuri,360,979663,0.91
Dimitriev,406,27199,0.68
Khalil,405,895544,0.18
Krauter,425,341526,0.02
Dishlieva,318,623184,0.34
Redon,240,408786,0.42
Herity,256,376473,0.31
Starr,502,913817,0.20
Lockington,402,273656,0.25
Stasinski,847,164819,0.24
Nobauer,434,799236,0.01
Riefers,302,704825,0.67
Pesotchinsky,505,258162,0.37
Postiff,860,641900,0.85
Ortmann,908,521088,0.63
Kloeden,302,847070,0.56
Box,973,171677,0.43
Campr,808,330032,0.49
Shiota,702,966842,0.67
Skala,603,698092,0.50
Saward,406,932370,0.66
Kaderali,307,870389,0.51
Eklundh,408,721228,0.55
Klippgen,928,102115,0.75
Caticha,207,657121,0.80
Fasching,701,515803,0.72
Lienard,513,37396,0.45
Focacci,708,54420,0.72
Boy,843,472636,0.89
Redys,402,22958,0.87
Carciofini,815,889929,0.47
Buekenhout,918,446755,0.46
Luckham,770,361396,0.90
Monnier,505,258373,0.50
Noortwijk,787,566312,0.37
Genssler,602,673851,0.81
Tabata,706,358032,0.62
Faria,256,667558,0.29
Loeppner,919,514437,0.35
Zullighoven,414,475875,0.45
Kisielewicz,520,931437,0.83
Labisch,318,179344,0.68
Buchinger,757,622636,0.21
Rienhoff,606,737747,0.51
Strohmann,603,480408,0.44
Bazire,330,735251,0.97
Kneisl,580,189590,0.16
Eby,423,789379,0.57
Krinik,731,865694,0.17
Hagmann,715,403838,0.01
Goldschmidt,617,267497,0.88
Dykema,260,867337,0.39
Tamesada,360,899637,0.95
Bus,602,131198,0.34
Kipnis,202,876144,0.62
Sebastio,207,539460,0.16
Treseler,217,547093,0.66
Kalyanakrishnan,253,844863,0.31
Ferriere,816,158314,0.75
Kirtane,937,642362,0.18
Christianson,863,202974,0.61
Bongiovanni,425,795690,0.58
Mitomo,765,123149,0.47
Ravve,561,973571,0.08
Kans,864,530613,0.47
Greenbaum,208,854386,0.17
Nastar,985,136762,0.98
Slisenko,801,157128,0.59
Forgie,662,117666,0.75
Lebrave,435,808332,0.42
Schiex,864,843804,0.12
Dybig,760,610811,0.70
Dervin,208,472345,0.61
Hopewell,801,594458,0.62
Umkehrer,302,725002,0.05
Guzdial,970,703180,0.16
Fontana,256,928586,0.37
Klimko,252,800291,0.96
Loewenstein,307,703395,0.92
Brysgalov,904,233485,0.10
Nagata,202,947730,0.35
Mandell,989,917825,0.79
Jelasity,860,44225,0.44
Kourie,334,44980,0.50
Millo,303,280184,0.42
Bandurski,281,921095,0.37
Goldsworthy,501,773654,0.48
Kawagoe,505,296155,0.08
Blumann,775,297245,0.31
Lehot,510,455543,0.12
Welling,479,187554,0.07
Cassaro,808,330285,0.75
Beshers,907,354355,0.33
DSilva,971,113421,0.98
Tompits,609,390870,0.89
Ghafoor,240,86695,0.92
Grape,801,913727,0.24
Souvignier,303,439083,0.73
Schler,386,261594,0.23
Worthington,307,275960,0.70
Kendall,662,441858,0.95
Rutten,815,61904,0.62
Macgregor,580,563763,0.73
Panwar,567,622663,0.90
Amandi,320,685049,0.85
Weisert,620,44446,0.58
Cucker,724,623056,0.92
Weinberg,202,517680,0.46
Luitjes,702,562229,0.64
Feast,218,329688,0.47
Strehl,660,177875,0.41
OHalloran,219,915482,0.49
Seiler,256,768861,0.84
Towheed,402,499830,0.14
Zadeh,603,966468,0.97
Ballou,351,523264,0.08
Vesna,904,291863,0.93
Ramsden,201,607365,0.19
Mausberg,828,809449,0.85
Carrier,818,596995,0.44
Pfalzgraf,207,795751,0.31
Clasen,219,254567,0.03
Pepe,406,993201,0.06
Gille,717,521752,0.62
Diday,773,54039,0.48
Manders,618,428923,0.59
Mikelsons,802,334800,0.76
Ilarraza,218,857819,0.54
Foulk,828,928373,0.32
Pendleton,802,637898,0.32
Sikka,864,125516,0.56
Susmaga,860,63032,0.58
Geppert,580,31555,0.81
Ewards,414,824855,0.57
dAbreu,740,321669,0.37
Forte,859,523802,0.05
Whitely,252,367536,0.68
Jenevein,402,27544,0.29
Cartier,605,254835,0.25
Strayer,435,244642,0.89
Gopi,701,215356,0.40
Declerfayt,636,909598,0.33
Stahl,909,637985,0.53
Rotzell,443,298805,0.12
Kunkdelmann,609,545769,0.20
Villoldo,605,686359,0.97
McAfee,636,983200,0.44
Gabalda,501,488234,0.48
Sippu,270,160574,0.45
Braunmuller,515,443780,0.75
Strouf,865,113613,0.95
Levcopoulos,270,993103,0.74
Botuscharov,443,341342,0.27
Rish,678,736218,0.58
Zellmann,208,430212,0.23
Spenke,301,902048,0.64
Roohalamini,302,886630,0.94
Beam,980,18841,0.09
Piloty,864,472301,0.70
Underwood,541,105188,0.82
Setlzner,410,679363,0.38
Douchet,863,711828,0.43
Meguro,603,901748,0.98
Pols,574,52779,0.52
Goldweic,618,71258,0.73
Fortenbach,541,600148,0.52
Cox,571,580391,0.59
Guerreiro,360,689751,0.11
Selwood,724,815418,0.95
Saoudi,909,175461,0.07
Imam,312,788232,0.26
Ulupinar,207,615054,0.59
Karp,603,523357,0.21
Fanti,712,93987,0.90
Hatakka,619,581290,0.93
Frisberg,717,656234,0.63
Ayani,502,493068,0.55
Haselbock,843,137393,0.79
Guernic,208,889231,0.75
Ressouche,952,748262,0.08
Disney,307,1000865,0.85
Brimkov,540,49430,0.65
Azuma,816,734528,0.75
Babaguchi,870,93861,0.18
Goil,775,790278,0.03
Caelen,401,105558,0.41
Zaremba,907,399869,0.92
Delatizky,586,685417,0.03
Zultner,573,242883,0.54
Kodek,808,308570,0.67
Lund,308,216116,0.15
Wenocur,435,772268,0.24
Estlin,608,631318,0.18
Gloger,307,194605,0.20
Mamelak,802,502142,0.86
Akbar,253,282614,0.15
Cosar,520,545691,0.82
Hallet,401,121667,0.62
Behrendt,843,139028,0.51
Salvadori,970,159125,0.62
Skillicorn,302,176707,0.48
Hoare,724,651463,0.60
Fraenkel,601,475505,0.99
Guenter,269,769994,0.38
Dippoldsmann,505,220034,0.18
Suppi,417,339256,0.69
Wolff,307,547377,0.02
Lipponen,207,259965,0.52
Scraton,479,892201,0.65
Pier,205,817295,0.67
McAlister,304,464751,0.53
Altshuler,563,847512,0.76
Robson,304,16267,0.84
Rumelhart,505,375994,0.99
Unno,678,734843,0.82
Roullet,406,306280,0.41
Kirihata,859,910172,0.86
Genther,757,136517,0.77
Zampieri,231,746794,0.18
Lascarides,406,45950,0.14
Bacciotti,406,779547,0.70
Colnari,706,850707,0.18
McMahon,217,219911,0.02
Berwick,312,148305,0.11
Fujisaki,701,987576,0.20
Boigelot,203,88297,0.23
Hemmerling,231,323686,0.56
Kingston,307,48413,0.22
Gerlhof,802,450690,0.88
Benassi,701,702937,0.60
Venkataraman,505,601385,0.15
Hasida,302,284389,1.00
Calabrese,860,599928,0.17
Ash,410,349802,0.60
Gartshore,337,33436,0.03
Kerntopf,480,284168,0.42
Namjoshi,239,922904,0.84
Cowan,870,591187,0.51
Gazzotti,808,446099,0.12
Blaschka,352,412467,0.58
Mints,843,914197,0.88
Genin,605,63535,0.28
Tatsumi,302,255386,0.46
Marinissen,571,632643,0.31
Croitoru,307,903401,0.67
Mussi,225,215673,0.16
Puerta,603,141340,0.25
Forgy,939,498581,0.51
Eid,567,882474,0.39
Hertzberg,918,828069,0.70
Sallet,308,563773,0.28
Heilandt,907,858148,0.47
Vosburgh,662,330242,0.51
Lockwood,206,72199,0.63
Gerber,304,784210,0.29
Feder,878,850726,0.51
Capon,907,708144,0.68
Ehrenberger,913,20227,0.37
Gellersen,541,223849,0.32
Ghattas,860,731500,0.12
Paterakis,207,566130,0.68
Ciompi,775,384241,0.02
Polson,509,694002,0.79
Menyhert,718,329516,0.56
Ducret,225,598292,0.56
Urponen,802,824284,0.90
Buisson,878,126219,0.55
Lafouge,516,44669,0.07
Tsatalos,479,291603,0.48
Clowes,520,591535,0.64
Averboch,908,913091,0.36
Regier,907,944998,0.56
Eppinger,225,720650,0.37
Kartha,772,996052,0.88
Lichtner,430,992270,0.73
Beguin,715,168619,0.42
Quiroz,207,870575,0.03
Islam,907,580057,0.05
Ateniese,803,796911,0.11
Rothemund,979,738990,0.63
Taka,614,650287,0.60
Ainhirn,563,838104,0.43
Lance,217,363092,0.10
Note,479,907942,0.63
Uludag,229,517003,1.00
Rieu,503,617347,0.57
Loyola,304,672818,1.00
Gwinn,715,682319,0.19
Wenger,787,237911,0.82
Bisiere,603,347801,0.20
Itschner,256,870785,0.21
Shioya,253,1358,0.62
Ecklund,302,217680,0.29
Scheer,409,31112,0.91
Mitsui,205,107626,0.40
Alves,409,66871,0.15
Piel,207,575747,0.22
Zochling,435,719352,0.45
Hallnas,216,306228,0.99
Mutka,937,403772,0.31
Elphick,409,977358,0.16
Zuberek,810,864881,0.79
Boersma,305,1000806,0.70
Linardis,401,207268,0.73
Sommer,234,919134,0.94
Alvarez,812,144082,0.52
Bhagavathi,580,644630,0.17
Thoben,319,411518,0.64
Skordev,440,882096,0.63
Vieth,302,572822,0.32
Dusse,225,415960,0.90
Kilgore,918,257561,0.82
Queinnec,601,126956,0.57
Socolovsky,907,330963,0.34
Cavin,239,659625,0.00
Dunham,847,779986,0.63
Chowdhary,302,140572,0.97
Chelton,586,145689,0.78
Spinelli,971,261547,0.20
Ziegert,205,260208,0.06
Rieh,603,178674,0.32
Philbin,229,857109,0.33
Matteis,585,328387,0.25
Chellappa,208,130728,0.43
Lanzl,631,221112,0.83
Waschkowski,763,855681,0.96
Alsup,304,608614,0.05
Rall,603,48104,0.61
Giradot,208,162722,0.59
McQuire,224,581730,0.74
Mancho,440,436050,0.02
Shimajiri,435,527594,0.28
Dedrick,732,614870,0.22
Janocha,252,718900,0.94
Dierolf,781,678727,0.63
Dayang,208,556696,0.74
Bast,920,351613,0.33
Scalabrin,985,405684,0.03
Oostrum,302,78550,0.42
Shimodaira,409,611918,0.82
Luef,641,878674,0.03
Bist,307,809642,0.08
Felsner,443,855745,0.66
Multani,928,476209,0.61
Kusalik,479,520927,0.22
Cin,406,314802,0.21
Freuder,925,683362,0.79
Cosar,907,226345,0.11
Grant,661,339063,0.89
Terlouw,601,77392,0.81
Scholten,601,92440,0.31
Beal,971,162062,0.80
Fargeaud,406,713262,0.15
Bittan,270,773981,0.46
McNaught,775,650659,0.51
Bouaziz,918,325837,0.95
Pattabhiraman,563,124198,0.24
Futatsugi,608,554697,0.08
Cheylan,412,981473,0.52
Chidamber,302,144165,0.73
Hmeidi,405,103164,0.70
Demos,406,485341,0.11
Whiteley,617,904040,0.29
Pollock,801,994907,0.55
Abayan,636,284552,0.46
Manber,405,316364,0.92
Kohri,870,948971,0.07
Adolphson,769,614630,0.25
Singh,505,923577,0.18
Bellairs,848,901023,0.28
Habasinski,509,48441,0.74
Bandes,570,464352,0.57
Jobusch,787,205527,0.12
Dulong,303,378788,0.57
Schuning,401,257441,0.02
Knauff,719,953010,0.70
Fuchi,419,235507,0.87
Wache,719,49961,0.97
Guenter,605,276650,0.08
Barthou,413,129746,0.92
Deussen,443,486553,0.38
Deyuan,360,411033,0.93
Keay,386,493374,0.40
Ehlers,434,196636,0.98
Chuat,336,300159,0.63
Lavrac,803,328979,0.28
Kalefeld,907,409117,0.55
Blumenthal,907,813426,0.80
Goradia,469,366238,0.39
Peroz,414,566699,0.61
Karasik,212,869855,0.73
Hirshfeld,980,101961,0.14
Nieuwejaar,430,926389,0.22
Balasubrahmanyam,208,765855,0.48
Foulk,318,948620,0.34
Kuriyan,208,320882,0.38
Bommel,603,376765,0.76
Rushforth,939,53382,0.06
Luttermann,920,748125,0.92
Murdock,870,751298,0.92
Delatizky,207,726304,0.27
Paradis,678,778816,0.28
Coyne,304,450037,0.91
Pinz,513,297095,0.27
Mikki,417,297516,0.87
Naslund,985,303085,0.30
Ezeiza,248,80426,0.91
Mihoubi,939,26184,0.41
Sanger,907,555236,0.81
Gorenstein,563,573692,0.79
Bottreau,603,506500,0.62
Perez,302,73767,0.52
Padman,517,192694,0.77
Terenzi,304,551619,0.80
Venugopal,864,208728,0.90
Schittenkopf,570,188605,0.25
Baumslag,281,65463,0.71
Faraboschi,928,308140,0.07
Roush,832,850038,0.69
Aimeur,773,26627,0.64
Harllee,240,677395,0.25
Bodin,210,242619,0.74
Lahire,203,510469,0.52
Prats,302,431912,0.66
Roison,302,179169,0.55
Fouquere,651,175082,0.97
Drayer,505,148616,0.27
Villanueva,505,677220,0.72
Ockenfeld,505,528948,0.52
Galbiati,860,329070,0.39
Gibbens,720,518306,0.82
Kolinko,208,990120,0.24
Shekhar,808,499645,0.57
Muirhead,417,334953,0.55
Miczo,718,223853,0.84
Elphick,787,31904,0.02
Hanafy,310,649644,0.75
Woycyznski,207,527627,0.16
Rapin,208,25240,0.20
Paludetto,918,752871,0.27
Gora,304,857342,0.54
Yelavich,409,25959,0.64
Rane,401,484510,0.23
Gecseg,808,401981,0.90
VanScheik,304,697649,0.28
Kemp,701,518807,0.64
Menezes,203,84490,0.25
Bodwin,978,223383,0.10
Schonhut,505,562956,0.62
Wingstedt,802,861845,0.17
Ulmer,518,385152,0.67
Kriebel,270,469915,0.67
Tuckey,848,761202,0.50
Yeap,712,517022,0.69
Danielsson,270,973959,0.14
Rubia,775,232439,0.52
Yagawa,910,471573,0.14
Castan,562,840243,0.02
Tsotsos,412,348058,0.69
Nadel,319,530205,0.28
Nassor,507,346263,0.40
Hauschild,802,314702,0.02
Bergen,859,841326,0.53
Lagendijk,602,83925,0.61
Kayashima,859,818252,0.49
Lupton,417,38407,0.17
Andaleon,260,566005,0.15
Wadge,505,173151,0.09
Guojun,731,17693,0.32
Merks,636,774386,0.04
Beeferman,479,474240,0.00
Milicic,208,511651,0.31
Emele,907,312982,0.24
Maloney,870,375470,0.20
Majewski,616,939723,0.62
Midelfart,315,267528,0.22
Perez,301,47304,0.22
McCaskey,573,451179,0.13
Cagman,907,495506,0.96
Speranza,386,50629,0.73
Yanike,307,800185,0.67
Bara,505,933888,0.16
Anlauff,202,989065,0.20
Bus,406,13567,0.41
Skrikant,239,513687,0.03
Shanblatt,360,777639,0.12
Carciofini,641,667240,0.15
Denis,337,56520,0.12
Stahl,404,669620,0.82
Canepa,607,971734,0.24
Quisquater,229,44773,0.36
Scheifler,857,185328,0.25
Colombet,518,529788,0.88
Jarzabek,417,470892,0.00
Haasis,802,794852,0.56
Rauscher,207,421948,0.29
Mandoiu,603,546562,0.97
Rathsack,402,828478,0.30
Ochimizu,701,398017,0.46
Marchesini,417,904551,0.48
Laxer,774,221985,0.65
Stefanini,203,619805,0.36
Villain,253,843853,0.97
Karp,719,899913,0.61
Walrath,719,816807,0.75
Schneeberger,260,294372,0.27
Ducloy,208,921390,0.69
Szulman,828,833979,0.93
Convent,304,29381,0.81
Munoz,954,904090,0.72
Guck,406,455617,0.59
Eliens,228,303339,0.44
Knightly,606,349842,0.47
Paradis,202,952690,0.93
Steckler,206,958003,0.79
Machlin,574,612259,0.32
Miara,808,229854,0.02
Khamiss,203,907842,0.21
Kartik,434,365749,0.01
Beraha,605,375545,0.64
Fenstermacher,662,979410,0.45
Pratt,208,705463,0.89
Bultheel,505,946565,0.07
Westin,202,888306,0.12
Schuning,307,77045,0.23
Schroff,316,339116,0.43
Summers,719,998200,0.39
Priami,317,742144,0.63
Tepfenhart,605,31210,0.79
Dimitroff,505,700802,0.34
Klimov,509,178869,0.75
Bernfeld,479,550941,0.81
Kroppenstedt,415,196173,0.80
Castellani,574,685288,0.13
Cornu,918,110892,0.13
Calway,405,986204,0.42
Kaji,907,315598,0.81
Bathgate,843,125423,0.46
Gebele,540,328397,0.94
Heijes,251,771403,0.75
Besl,307,161709,0.09
Collinot,606,74025,0.74
Jumpertz,203,773774,0.18
Lipner,308,873630,0.07
Taniar,918,415404,0.20
Papelis,814,475350,0.34
Picci,947,899995,0.55
Kankaanpaa,251,361506,0.52
Mallette,802,361730,0.80
Eisenstadt,406,914892,0.02
Gutz,318,104721,0.05
Ciolek,907,403933,0.17
Zilberstein,319,142236,0.55
Schwaller,602,698690,0.10
Kokeny,636,601718,0.34
Kamoun,479,169255,0.22
Comellas,864,279550,0.20
Toussaint,952,111153,0.00
Veillon,618,404007,0.95
Capps,307,989047,0.14
Martyna,302,572152,0.71
Rajman,270,602591,0.42
Leitman,205,979037,0.41
Ruger,918,125757,0.38
OYoung,225,617269,0.10
Janusz,504,122384,0.93
Patrick,731,611057,0.81
Kerpedjiev,812,493839,0.57
Bernick,202,99349,0.89
Coveyou,682,607393,0.44
Schamp,970,528747,0.21
Sudkamp,307,967491,0.02
Lovett,401,821875,0.39
Mottet,816,118355,0.95
Aly,720,297394,0.58
Tsatalos,785,441744,0.07
Even,615,576633,0.44
Kodama,231,109786,0.96
Orphanoudakis,740,75438,0.27
Flouret,602,358729,0.39
Lenhof,804,188048,0.39
Pioli,870,327697,0.52
Sadaoui,304,302569,0.21
Tsunoo,248,543992,0.73
Nepomniaschy,205,206405,0.24
Groette,435,847435,0.55
Gutenmakher,541,862427,0.18
Wingstedt,978,85962,0.23
Tada,435,773765,0.15
Gurel,410,167119,0.79
Meinke,240,105237,0.73
Kabatianski,401,997876,0.89
Braban,802,946921,0.77
Brodal,802,859617,0.69
Schnabel,513,193533,0.26
Meyers,478,958690,0.63
Lazard,312,488877,0.61
Phuc,701,200920,0.44
Lutz,775,998495,0.10
Okuhata,609,707088,0.55
Globig,203,489426,0.17
Riad,609,92320,0.44
Husband,251,148308,0.53
Nisiyama,718,104576,0.90
Bax,307,67493,0.90
Rosenberg,401,466317,0.77
Lonning,864,469628,0.23
Baldoni,925,477519,0.58
Ndumu,769,231424,0.98
Belo,740,38121,0.28
Thenmozhi,848,993974,0.38
Trachtenberg,502,584452,0.35
Cannata,775,761620,0.76
Ramaswamy,202,215236,0.91
Walrath,251,440528,0.11
Nangia,402,833958,0.74
Gentina,417,730753,0.09
Ercolano,603,781334,0.13
Reeves,985,480338,0.82
Pricer,660,360672,0.50
Henders,304,680868,0.93
Zaguia,218,989987,0.54
Lofaso,360,873125,0.04
Sunjaya,701,4436,0.68
Polster,202,900880,0.51
Tsumoto,317,288907,0.89
Furner,216,903473,0.32
Brunk,808,679921,0.67
Zeltzer,202,271784,0.30
Aisbett,615,143004,0.85
Goft,551,102075,0.33
Lappalainen,787,293611,0.74
Gugerty,808,434337,0.15
Samtaney,631,152510,0.32
Improta,616,299268,0.38
Spinner,208,881022,0.02
Halfin,301,952445,0.76
Gesli,620,827970,0.09
Moudgil,318,663110,0.85
Rahmer,603,723718,0.09
Nayani,603,1001370,0.11
Krishnaswamy,401,801215,0.96
Gulla,208,19121,0.33
Braban,313,871942,0.46
Muchnick,225,438642,0.77
Indiresan,505,308145,0.57
Krychniak,774,266219,0.84
Matteis,304,705507,0.45
Arazi,602,211276,0.43
Malabarba,859,465119,0.88
Nollmann,870,487174,0.48
Chiarodo,913,103205,0.34
Ozturk,912,191424,0.16
Cazalens,605,461064,0.08
Pinna,770,70996,0.02
Kandlur,941,947433,0.56
Porkaew,208,689617,0.31
Corbi,775,210779,0.67
Viney,704,520997,0.63
Aso,231,8710,0.24
Benjauthrit,939,971755,0.40
Westcott,931,150641,0.78
Rivera,701,998544,0.17
Lieflander,609,477994,0.39
Smalley,202,268588,0.45
Monteverde,281,331744,0.90
Calabrese,402,929015,0.00
Riet,918,61616,0.93
Abeysinghe,605,860392,0.39
Pottossine,501,571910,0.68
Sulack,980,532796,0.53
Hoare,740,536305,0.21
Preishuber,517,526869,0.05
Tuminaro,636,81871,0.67
Gonzalez,913,890609,0.75
Raskhodnikova,712,936876,0.20
McFarlan,484,14398,0.87
Uhrig,763,728020,0.34
Canas,651,231774,0.16
Cau,980,396859,0.79
Berend,920,659635,0.47
Rebaine,318,899249,0.97
Chown,817,22235,0.97
Bandat,928,398756,0.05
Eco,513,216925,0.28
Shmyglevsky,206,466243,0.35
Goldschlager,302,287125,0.78
Widenauer,410,950121,0.16
Schmidt,406,580336,0.59
Astor,301,90747,0.25
Dickey,928,368589,0.69
Rieh,302,861676,0.73
Leeper,251,133218,0.49
Mobasher,228,902306,0.23
Rosenbohm,443,309995,0.71
Melter,314,863618,0.72
Villani,717,251617,0.21
Vivekananda,605,315122,0.89
Graefe,769,677449,0.14
Stabell,870,123564,0.99
Oelmann,440,975722,0.18
Ushio,406,455318,0.14
Ciampichetti,918,739931,0.82
Xianchang,603,979516,0.93
Ruamviboonsuk,313,886356,0.77
Osman,605,698406,0.88
Iino,256,564180,0.02
Boday,308,475498,0.04
Salice,603,57411,0.43
Karuno,225,513122,0.44
Gonzales,808,805468,0.43
Sufrin,641,672355,0.17
Gascon,605,355889,0.88
Legeard,225,290706,0.01
Wenger,307,1000765,0.56
Lunbeck,551,850514,0.02
Campr,985,160519,0.94
Vasconcelos,828,918039,0.51
Lyle,307,2772,0.17
Spoto,551,608358,0.34
Bestgen,585,703202,0.30
Spinner,864,97721,0.83
Littlefield,405,298765,0.02
Seiferas,719,604032,0.71
Lagnier,878,70081,0.82
Morton,574,322804,0.90
Holmback,816,696383,0.15
Csaba,808,571728,0.82
Metha,619,48699,0.68
Klugerman,401,560864,0.94
Whelan,551,145590,0.83
Trogemann,209,478491,0.10
Shimasaki,773,157238,0.45
Giannotti,641,60405,0.61
Delgrande,206,67566,0.18
Zwilling,301,780811,0.00
Simha,501,43475,0.88
Crovella,970,229305,0.29
Wischnewsky,208,693221,0.71
Baxter,478,1099,0.31
Bryce,302,902774,0.87
Gerasch,334,706967,0.63
Butter,702,310737,0.85
Geertgens,308,208566,0.76
Marsiglia,541,779050,0.20
Rauch,907,965396,0.26
Kamber,606,873592,0.47
Trevillyan,605,637363,0.49
Braunmuller,515,378138,0.32
Beidas,910,100344,0.66
Gurevitch,360,984263,0.84
Strivastav,901,414166,0.65
Aparicio,443,274050,0.04
Pokorny,801,974367,0.29
Sobalvarro,706,513033,0.32
Hertzberg,207,304854,0.43
Papelis,319,741460,0.26
Karszt,971,158786,0.58
IJdens,319,549408,0.46
Anderssen,701,23887,0.61
Beckermann,703,939158,0.36
Mercankosk,701,31998,0.46
Gras,720,325970,0.60
Rasala,208,912524,0.84
Philippow,731,896466,0.90
Amalou,907,556312,0.82
Couchot,571,254866,0.37
Clarke,603,446051,0.89
Riexinger,939,303871,0.10
Laakso,781,623194,0.20
Picco,907,392023,0.38
Xiaowen,205,85644,0.72
Hemerly,503,187571,0.40
Fleckenstein,870,961445,0.12
Gulla,913,677586,0.52
Jaklic,719,973175,0.59
Giavitto,207,680978,0.72
Malfon,808,77373,0.35
Graft,904,527456,0.75
Graf,701,503514,0.41
Stojanovski,219,816585,0.60
Parmee,317,33603,0.63
Sorribes,650,389527,0.90
Bitz,939,353180,0.12
Soderston,763,110276,0.67
Kshemkalyani,660,490058,0.68
Commoner,501,756925,0.77
Laguitton,907,111361,0.81
Sigillito,339,800758,0.53
Muchnick,218,758777,0.93
Norwood,517,950172,0.72
Rushforth,651,725883,0.59
Moshman,231,619911,0.43
Focacci,302,44408,0.52
Sleeman,337,146505,0.74
Sinolakis,260,618369,0.45
Ozols,219,385872,0.16
Ioroi,505,517994,0.03
Serizawa,939,554611,0.27
Mobasseri,862,483534,0.73
Brimkov,580,108666,0.63
Kohno,662,674950,0.45
Lunbeck,612,288240,0.18
Peschl,716,323769,0.21
Kopecky,612,331350,0.55
Cools,479,658003,0.71
Wachs,719,48027,0.80
Tetongnon,601,199621,0.27
Hogen,207,732518,0.18
MacLean,719,98551,0.76
Vinze,920,998737,0.76
Tsotsos,740,976356,0.95
Aloia,701,661729,0.46
Tierney,843,234363,0.41
Gist,302,246107,0.70
Wilk,304,990245,0.82
Azuma,435,514092,0.44
Gibbens,701,851454,0.01
Mitkov,910,444373,0.91
Ratha,302,1718,0.52
Belz,520,321604,0.11
Hansdah,304,374987,0.27
Grad,203,794357,0.35
Reye,318,675072,0.76
Cunliffe,814,791137,0.71
Pitschke,850,209769,0.40
Oppenheim,202,172207,0.03
Wansing,802,406583,0.24
Nadon,904,987469,0.93
Ullmann,641,103447,0.30
Graehl,973,612060,0.66
Roskies,207,472506,0.94
Mercer,920,143331,0.15
Paludetto,865,832713,0.43
Rios,520,237491,0.93
Nadel,831,690981,0.57
Letelier,323,914226,0.34
Weatherhead,413,903930,0.56
Tartalja,951,285967,0.42
Srihari,401,762921,0.49
Koperczak,571,581905,0.94
Lauff,703,396055,0.89
Winzer,479,621631,0.97
Keustermans,603,146692,0.15
Lahiri,801,802118,0.75
Masullo,907,484309,0.62
Isahara,262,966316,0.47
Erde,765,1000779,0.80
Rosenblad,702,476847,0.63
White,503,36255,0.76
Razdan,480,411142,0.66
Broscius,802,256473,0.44
Debregeas,520,38730,0.35
Madnick,860,687639,0.88
Tadokoro,508,142303,0.03
Paleczny,267,443522,0.18
Iwaihara,808,270512,0.76
Trivedi,228,509791,0.36
Keates,208,724136,0.41
Sloope,479,244921,0.81
Kranzdorf,808,776445,0.20
Rothwell,859,245092,0.58
Pena,309,148738,0.35
Maaren,603,970650,0.80
Bojadziev,425,143819,0.77
Tryon,540,617103,0.58
Rothemund,303,951635,0.94
Popa,801,682013,0.23
Gadbois,939,337685,0.25
Zajac,706,374368,0.33
Muntz,719,16426,0.99
Boksenbaum,509,128328,0.06
Kafeza,406,170655,0.95
Vrancken,240,273305,0.82
Felici,225,332430,0.48
Naumovich,731,351552,0.16
Gerlhof,757,325587,0.10
Elkadi,307,589300,0.65
Jakobovits,217,620297,0.90
Gavrilov,208,562819,0.81
Rosenmann,808,243768,0.74
Nadon,845,767889,0.80
Olivero,401,637434,0.95
Stalnaker,787,361293,0.24
Beauzamy,878,881228,0.31
Rothwell,907,805182,0.20
Kogge,316,790439,0.61
Finsterwalder,501,571838,0.80
Schall,334,949345,0.75
Pragasky,402,116749,0.06
Angluin,435,503784,0.21
Shalini,319,255740,0.75
Brancadori,503,233187,0.03
Skwarecki,804,866788,0.22
Purkayastha,505,946632,0.29
Rosin,862,170386,0.71
Jette,918,715288,0.51
Bals,216,936036,0.91
Lessing,870,982438,0.31
Lakoumentas,952,106301,0.88
Eisinger,620,62361,0.72
Corvi,775,346185,0.90
Rapin,603,537313,0.21
Schultze,520,674279,0.84
Tassinari,720,174909,0.23
Elihai,907,115729,0.73
Tomeh,314,90491,0.80
Parkin,302,435273,0.63
Ciotti,937,482702,0.80
Osoba,801,905852,0.84
Ewards,203,532156,0.60
Madeira,931,886074,0.37
Melski,918,857123,0.16
Luksch,939,71720,0.94
Balazs,508,600558,0.44
Bazgan,701,955047,0.38
Brookson,605,757821,0.77
Gerdt,202,504975,0.54
Negoita,757,714952,0.54
Berghel,785,276190,0.92
Psaltis,802,572086,0.32
Orejas,775,696918,0.05
Swist,224,13235,0.34
Bergere,307,706836,0.09
Zemlin,907,285268,0.44
Stifter,620,121012,0.21
Hernek,573,263778,0.13
Latch,570,137231,0.40
Lageweg,608,793309,0.85
Brizzi,240,57572,0.13
Sommer,352,298191,0.99
Telerman,413,34152,0.30
Howerton,435,757930,0.62
Cockcroft,406,958040,0.41
Awdeh,215,970712,0.43
Luke,231,311288,0.15
Fadous,302,947238,0.14
Wossner,641,972275,0.00
Danielsson,505,776008,0.27
Protasov,785,548630,0.74
Nishizeki,773,63665,0.54
Majors,307,151442,0.26
Shankland,605,632937,0.61
Grabner,914,886467,0.57
Walstra,801,730101,0.39
Oerlemans,502,770007,0.91
Azagury,406,940414,0.88
Raoux,939,867531,0.18
Savaria,228,598682,0.97
Baliga,802,635147,0.80
Capucciati,615,398231,0.41
Harangsri,708,140384,0.87
Cesareni,815,698397,0.16
Demmer,339,439359,0.07
Wothke,302,386094,0.92
Puustjarvi,769,176460,0.23
Abrahao,229,481820,0.88
Rutten,907,27199,0.93
Krinke,302,932798,0.62
Renz,801,436363,0.81
Behm,205,456302,0.72
Murdoch,928,837954,0.75
Raja,240,142010,0.27
Cullinane,937,748635,0.00
Elkadi,620,736166,0.15
Serot,907,935201,0.01
Littlehales,636,265786,0.02
Candy,260,396433,0.09
Chinal,801,658630,0.10
Lipson,907,901899,0.89
Vodislav,660,516242,0.87
Chowdhary,606,240409,0.37
Perelgut,505,831697,0.49
Makrucki,567,959361,0.64
Griffioen,505,489277,0.63
Rathsack,435,993754,0.31
Scraton,334,872457,0.76
Hadon,208,630108,0.01
Salustowicz,302,40855,0.57
Lefas,917,867892,0.32
Nagashima,971,627319,0.58
Acildiev,302,391336,0.55
Gutz,843,716784,0.05
Puerta,614,807367,0.37
Borzovs,939,487586,0.77
Getis,423,251892,0.37
Carey,302,96851,0.02
Uyttendaele,802,321353,0.74
Noda,228,913351,0.77
Dan,769,734769,0.55
Rine,503,510277,0.52
Nador,253,634075,0.94
Skuppin,951,750007,0.58
Torasso,651,213204,0.73
Skogmar,574,578699,0.12
Ashtaputre,785,465673,0.03
Assche,802,250320,0.67
Heeffer,870,567488,0.74
Alewine,985,791844,0.02
Mallett,302,686845,0.32
Dighe,909,272642,0.20
Bill,580,134388,0.03
Haggerty,906,861085,0.65
Duijvestijn,860,33199,0.84
Macrosson,515,749361,0.18
Fioravanti,775,441470,0.84
Tomescu,208,98884,0.45
Msuda,208,837699,0.23
Frisse,702,463587,0.71
Diaconis,208,727298,0.14
Bayoumi,505,962755,0.43
Carle,803,147111,0.40
Spell,802,605136,0.34
Sztandera,907,778553,0.24
Denecker,603,670037,0.58
Scaife,860,282239,0.11
Calisti,423,28135,0.78
Rosay,602,682426,0.78
Zlatin,215,49191,0.74
Sauder,980,532079,0.46
Boersen,620,215121,0.63
Masiero,901,216207,0.97
Alpay,307,834238,0.41
Menezes,208,949444,0.36
Dalton,928,192821,0.98
Gillo,256,1001732,0.18
Cherifa,662,608158,0.85
Mesnard,860,776047,0.61
Herget,754,806747,0.06
Obradovic,812,497563,0.29
Ratuski,304,72777,0.58
Rijn,419,547904,0.76
Padman,630,329244,0.19
Reifer,401,316868,0.34
Loiselle,603,380078,0.44
Gadbois,651,987876,0.82
Nadel,520,956599,0.72
Silberberg,603,94132,0.44
Elenbaas,573,340761,0.98
Kern,251,680842,0.11
Bresenham,608,768607,0.47
Ismaeel,218,808484,0.50
Bouloucos,719,648496,0.20
Karatsu,787,910599,0.02
Theis,802,271233,0.90
Givaty,321,266619,0.72
Brislawn,814,714509,0.12
Forin,816,277596,0.96
Cridlig,765,455778,0.47
Riguzzi,769,967587,0.91
Haemer,917,213030,0.39
Leazer,563,471249,0.59
McAfee,320,333901,0.26
Romboli,605,587876,0.49
Carapuca,401,267906,0.88
Kochs,701,356513,0.70
Gien,775,584043,0.15
Rain,334,950568,0.56
Read,919,295063,0.72
Pelletreau,860,813713,0.99
Morisio,603,611732,0.97
Zielinski,207,82043,0.84
Kirkerud,763,819902,0.74
Kain,919,522206,0.77
Kavvadias,603,616618,0.37
Shmuely,435,841509,0.93
Benton,253,404583,0.31
Spehner,302,97883,0.91
Shephard,920,128341,0.89
Brattka,334,433175,0.94
Thompson,401,174312,0.53
Voiskunskii,316,703940,0.88
Decatur,434,387914,0.49
Kombarov,479,887431,0.75
Shimazaki,339,429376,0.27
Crabtree,307,301433,0.78
Junping,217,74581,0.42
Salmon,509,988329,0.88
Day,207,241610,0.52
Radecki,586,821723,0.45
Hemmerling,402,618598,0.92
Jueneman,501,878484,0.00
Belkhatir,320,651437,0.10
Baldoza,801,566828,0.05
Rudstrom,202,32648,0.59
Abraham,339,841893,0.85
Speckmann,808,315688,0.70
Olveszky,949,197294,0.77
Kapp,701,837582,0.10
Gunn,307,736010,0.97
Guerrieri,603,136386,0.82
Jankowitz,605,177915,0.06
Devries,707,414086,0.59
Theuretzbacher,701,571974,0.69
Stamm,216,112118,0.96
Ruger,801,880300,0.24
Ikehara,312,955456,0.88
Amagasa,480,344645,0.28
Zobel,508,576893,0.25
Benveniste,207,968088,0.24
Bruza,352,995200,0.53
McSherry,541,619388,0.01
Klevans,701,883670,0.77
Musha,210,447363,0.18
Ishak,816,498159,0.08
Petzsch,317,792096,0.76
Stepanek,410,467793,0.51
Praeger,775,797297,0.88
Crossley,307,497865,0.31
Guyer,717,418000,0.65
Shnaider,907,337121,0.60
Nute,816,891174,0.87
Wilf,307,879328,0.33
Kisuki,312,983584,0.94
Lason,816,704862,0.45
Golgstein,918,657196,0.82
Taniar,502,178502,0.49
Cavendish,214,563325,0.13
Lanphier,937,991217,0.44
Zaguia,302,623759,0.71
Sandhu,406,193288,0.76
Dierolf,254,911135,0.95
Heijst,561,473075,0.86
Gudeman,860,915320,0.24
Susaki,308,786711,0.26
Etzion,401,505527,0.13
Gustafsson,435,156342,0.00
Iwadare,605,457477,0.10
Kirschenbaum,410,543504,0.87
Pangrle,601,262198,0.47
Lampaert,765,169957,0.58
Kourie,920,24561,0.82
Barnhill,551,872204,0.75
Wahls,318,123854,0.43
Lejter,318,681423,0.77
Steckelberg,858,64341,0.53
Collavizza,928,131890,0.91
Iwanski,351,689489,0.75
Ratan,509,223421,0.90
Aronsson,918,622299,0.64
Harnett,231,612921,0.76
Petersson,865,983227,0.01
Gotz,940,36893,0.48
Plavsic,308,996507,0.59
Cincotta,307,770435,0.91
Padhye,312,688781,0.98
Ratha,719,5510,0.56
MacNaughton,501,301476,0.57
Weedon,401,94403,0.26
Trevathan,949,392152,0.00
Smaragdakis,812,179076,0.90
Kauffels,207,473929,0.75
Subramaniyam,612,6551,0.65
Dairiki,615,113435,0.27
Adalal,731,111686,0.35
Assadi,630,561653,0.09
Unni,586,809873,0.71
Verelst,252,292587,0.96
Clamen,786,242090,0.59
Zonno,469,186516,0.85
Boreale,316,105864,0.11
Rohlicek,765,174981,0.71
Ulfberg,561,902329,0.63
Einsfeld,520,653384,0.93
Arazi,404,665365,0.48
Shelburne,207,777250,0.02
Srimani,785,715158,0.83
Busillo,406,375565,0.94
Hooker,605,432664,0.67
Kahale,302,842527,0.24
Lanzl,228,488682,0.11
Winn,318,909370,0.61
Bruin,860,247785,0.36
Trumbly,307,445838,0.54
Demeyer,908,837330,0.46
Koperski,630,781397,0.12
Capps,207,843179,0.02
Daly,857,53166,0.51
Stollon,505,562354,0.19
Goor,603,906977,0.25
Lavin,202,11739,0.16
Karunanithi,614,103963,0.81
Junnemann,912,105235,0.12
Kirkwood,615,694134,0.96
Renear,406,652534,0.48
Colombani,228,914602,0.34
Handel,802,303935,0.58
Eichhorn,906,259349,0.18
Ratto,435,544097,0.10
Macpherson,719,659981,0.34
Mueller,505,281277,0.34
Rebbapragada,678,571839,0.44
Rutkowski,907,234987,0.41
Calvary,802,967326,0.83
Naggar,301,523694,0.13
Dwork,605,898282,0.19
Tsigas,502,610422,0.90
Carreras,219,789203,0.25
Tichkiewitch,435,786000,0.42
Redey,435,761527,0.31
Skeen,302,920932,0.63
Broer,985,327462,0.23
Micheaux,603,760914,0.77
Turakainen,412,945315,0.59
Cucker,401,722988,0.56
Schappert,985,908302,0.79
Lofaso,772,20806,0.95
Pardyak,541,576904,0.25
Redey,808,650332,0.85
Reghabi,646,412878,0.63
Janusz,509,342580,0.33
Serlin,970,129414,0.97
Katragadda,435,607553,0.51
Desal,301,133649,0.04
Raney,515,799106,0.17
Boynton,939,214268,0.64
Marinova,678,350322,0.42
Wichaipanitch,262,575800,0.56
Retz,325,2922,0.02
Jimbo,918,608006,0.74
Bleumer,505,193587,0.63
Srimani,608,602297,0.21
Rivers,907,158747,0.57
Dovidio,605,179313,0.17
Kate,970,210726,0.52
Anrig,562,24565,0.19
Schimmler,801,216369,0.85
Lindenberg,505,33450,0.71
Corso,202,121828,0.13
Hirsbrunner,660,177557,0.89
Taubenfeld,517,757776,0.82
Leiva,769,537519,0.12
Ishisone,919,776234,0.34
Schauser,203,356834,0.16
Powley,808,215723,0.87
Ahn,913,803849,0.26
Terwilliger,708,175520,0.23
Clares,801,237734,0.29
Demoen,608,303626,0.92
Udding,443,972128,0.00
Dalphin,612,599162,0.34
Belanger,662,65483,0.76
Grandbois,802,672762,0.77
Tyldesley,917,515617,0.86
Maciel,971,619842,0.93
Couclelis,551,379191,0.56
Argamon,307,295790,0.48
Muhling,206,284542,0.76
Stiver,605,23046,0.25
Kalefeld,401,764841,0.34
Frederiksen,304,406555,0.52
Soicher,320,240201,0.55
Ranft,769,469627,0.99
Qureshi,605,896588,0.13
Gwinn,615,717793,0.29
Schmittgen,702,756766,0.96
Lally,302,694379,0.88
Angebranndt,270,603438,0.48
Dimopoulos,641,441668,0.96
Schiper,907,762029,0.95
Goldhammer,402,6427,0.78
Gerards,412,553181,0.30
Abb,907,363475,0.90
Schonegge,787,123530,0.97
Bozzano,304,446926,0.18
Krauter,509,895654,0.17
Crabtree,208,8087,0.68
Hoepner,912,363105,0.67
Rovan,505,509863,1.00
Even,936,790659,0.45
Juvan,720,893516,0.43
Bottou,228,672657,0.68
Olivero,925,615378,0.65
McCoy,703,759471,0.01
Linares,406,41790,0.11
Sarstedt,551,687884,0.20
Nagata,808,586298,0.08
Dratva,567,431496,0.28
Hanakawa,469,555107,0.03
Antognini,505,692544,0.92
Graaf,269,187470,0.11
Compeau,425,884033,0.95
Ulema,603,822478,0.95
Boersen,775,501709,0.55
Thimonier,270,217204,0.42
Pacholski,580,439362,0.66
Ang,864,541458,0.15
Sagonas,248,357155,0.61
Anick,702,558144,0.75
Wijesekera,605,273181,0.92
Luga,262,268557,0.69
Geertgens,307,922135,0.60
Papaconstantinou,808,854095,0.86
Heinisuo,507,547663,0.81
Schlimbach,206,80812,0.66
Erbach,414,751578,0.41
Stabell,225,621805,0.18
Piveteau,608,528520,0.22
Yershov,775,842940,0.91
Bolbourn,541,427255,0.43
Ramsdell,571,545221,0.72
Surjaatmadja,501,908960,0.88
Mankoff,702,895536,0.73
Fanti,920,29815,0.67
Jespers,319,999039,0.88
Glowinski,775,633719,0.61
Devore,248,90070,0.90
Lejter,971,785771,0.54
ONeill,651,627252,0.57
Pagnutti,785,779568,0.65
Nunn,802,409588,0.97
Beretta,252,54326,0.44
Genin,302,816782,0.24
Laitinen,616,658691,0.16
Lienert,939,463607,0.65
Uchiyama,202,122948,0.75
Styblinski,218,983683,0.57
Abrahao,480,796869,0.05
Todesco,808,668651,0.53
Hossley,701,99434,0.49
Tazi,864,591561,0.31
Fidelak,803,830358,0.40
Drettakis,203,485863,0.63
Asuru,313,793700,0.19
Otillio,308,436484,0.48
Clearwater,407,995029,0.65
Mackey,912,669016,0.83
dAcierno,907,920117,0.60
Grbic,901,483434,0.57
Nyce,878,616011,0.32
Starr,401,195213,0.37
Kharin,479,556303,0.68
Tiskin,415,142416,0.77
Jushchenko,713,668753,0.80
Clonts,225,820810,0.36
Grabczewski,208,870647,0.42
Kreveld,939,445022,0.31
Ackley,787,228000,0.07
Kadoda,302,371012,0.07
DeGroot,828,120883,0.10
Pollatschek,937,348070,0.35
Vigier,907,745492,0.45
Thorelli,206,588845,0.22
Tata,316,675084,0.98
Westarp,802,857363,0.25
Kasriel,947,365269,0.67
Ponighaus,618,235522,0.26
Isaacson,505,720955,0.92
Olagunju,301,812812,0.92
Weller,715,619515,0.67
Leishman,770,514408,0.54
Kingham,912,580497,0.19
Shiple,601,3712,0.04
Gerth,802,949724,1.00
Akselsen,515,186773,0.36
Habel,304,958703,0.77
Colombet,281,898301,0.91
Straney,406,781245,0.06
Pelezar,808,124314,0.24
Osmani,208,41278,0.28
Ruhle,203,698905,0.60
Vondran,334,381258,0.74
Pinkerton,202,815349,0.84
Cassel,501,309756,0.78
Geurts,603,860666,0.42
Inamori,906,440339,0.86
Antao,605,59156,0.81
Rana,212,340292,0.05
Jezek,650,244506,0.93
McKee,913,979332,0.52
Murthy,203,248958,0.53
Jarwala,414,95032,0.13
Heyers,435,823626,0.30
Spiegler,605,412688,0.51
Bridges,860,85659,0.42
Wickramasinghe,765,805518,0.23
Gurevitch,770,161015,0.41
Zonta,631,633849,0.25
Asperti,443,150652,0.43
Siegl,207,629245,0.42
Lipsky,443,1001723,0.14
Ehlers,917,226728,0.62
Hoidn,314,972948,0.29
Corazza,240,943699,0.53
Bickmore,918,464779,0.11
Bracher,801,991077,0.44
Serafimovski,763,139901,0.73
Ludascher,302,84860,0.23
Herger,308,46303,0.46
Balaguer,502,709659,0.93
Goodrum,808,13823,0.34
Giaretta,479,588201,0.58
Aboulnasr,979,393487,0.17
Senouci,207,304746,0.39
Soloway,405,527642,0.46
Mitsui,573,863818,0.81
Eisinger,252,591993,0.98
Tjiang,808,364369,0.91
Spieker,775,168717,0.31
Linusson,252,357914,0.28
Stiles,224,969719,0.46
Ukkonen,775,479576,0.61
Imbert,719,580399,0.16
Tsunakawa,603,979814,0.57
Carletta,505,973109,0.28
Rissanen,706,623630,0.70
Marinova,812,933090,0.85
Merro,505,446897,0.18
DeGroot,978,996457,0.42
Roura,434,876317,0.84
Erev,641,16183,0.81
Franzblau,202,160767,0.88
Setlzner,703,51380,0.86
Dershowitz,202,59951,0.05
Khedri,203,124308,0.91
Flandrena,505,596508,0.64
Bourassa,845,308877,0.09
Troxel,979,875835,0.97
Coradeschi,719,309921,0.51
Bazgan,202,588465,0.77
Smotherman,276,702750,0.70
Gils,304,728466,0.57
Lubin,425,174306,0.34
Sanabria,260,682138,0.08
Havelund,218,435391,0.73
Pierro,573,99688,0.99
Sawamiphakdi,712,12271,0.30
Dass,208,415943,0.75
Khoury,302,79150,0.16
Krone,505,955856,0.30
Groger,207,419295,0.04
Jording,304,427613,0.92
Hubbers,240,25945,0.64
Samarapungavan,907,164144,0.67
Nguifo,307,549514,0.77
Sutter,208,309144,0.67
Shigei,215,757979,0.38
Schmeck,785,611252,0.83
Valtchev,701,334253,0.79
Nascimento,360,632520,0.44
Ibel,913,287970,0.28
Steckler,802,999075,0.16
Darell,830,783656,0.06
Nyberg,814,587229,0.16
Kavasseri,308,609906,0.46
Capps,781,356876,0.77
Silberberg,623,421579,0.97
Lance,330,920392,0.38
Rahmstorf,207,574067,0.56
Tiemann,662,757020,0.05
Bonollo,701,808191,0.60
Kushner,939,515440,0.96
Dorsett,256,152573,0.48
Myllymaki,401,891254,0.06
Dubernard,662,124984,0.64
Buzzard,773,194637,0.80
Chevallet,912,85909,0.85
Kesselman,430,284446,0.57
Biolsi,406,196928,0.53
Grnarov,620,944013,0.50
Koide,316,378296,0.14
Lokketangen,662,959043,0.08
Falvo,609,537174,0.49
Baek,479,395537,0.62
Antonisse,307,13548,0.12
Bill,304,444191,0.50
Deves,401,616717,0.66
Guiu,205,456971,0.93
Huchard,586,65063,0.65
Rosenblitt,770,44454,0.86
Barg,620,889417,0.73
Viragh,337,475927,0.13
Greef,608,865688,0.62
Zinovjev,401,710552,0.47
Boffa,406,163284,0.07
Seiler,612,552458,0.94
Mitkov,430,621306,0.27
Suwa,606,625076,0.53
Welinder,907,150022,0.64
Kodera,801,282179,0.72
Englert,210,864999,0.14
Kelleghan,574,471146,0.63
Usher,636,349530,0.66
Bodei,701,383269,0.97
Kornatzky,260,687898,0.34
Binding,802,594900,0.72
Hooman,731,224748,0.79
Huleihel,219,322391,0.39
Stille,601,667853,0.24
Barthou,985,412257,0.72
Aboutabl,406,291441,0.67
Gregoire,904,700057,0.56
Shinagawa,719,885426,0.76
Pitt,502,687710,0.79
Kokeny,701,663823,0.35
Heyman,937,575979,0.32
Jette,971,955205,0.43
Peris,603,306763,0.28
Behr,402,945211,0.02
Couchot,603,840834,0.93
Winzer,216,393871,0.99
Klevans,479,415479,0.95
Milberg,870,800225,0.14
Murdoch,787,120874,0.84
Raoux,765,340374,0.04
Armando,337,111256,0.69
McKearney,203,249597,0.11
Jereb,802,509955,0.68
Lundstrom,435,71640,0.74
Capalbo,701,720354,0.51
Brilliant,302,400672,0.11
Tayi,302,33714,0.62
Hofman,605,90567,0.44
Ronkainen,702,752626,0.15
Kornatzky,802,464686,0.32
Gori,607,524014,0.41
Bern,203,908623,0.71
Kharin,808,594375,0.16
Flint,503,150947,0.78
Bassiouni,918,999811,0.19
Zafar,302,537588,0.33
Talburt,907,529461,0.15
Hilgefort,808,108334,0.53
Pachowicz,308,488902,0.56
Nagashima,757,996839,0.57
Kocur,787,584454,0.07
Schoening,520,846717,0.42
Manara,603,459077,0.84
Lindgreen,336,330151,0.74
Holvoet,801,329583,0.20
McKinlay,434,243320,0.96
Treweek,479,959011,0.59
Dairiki,917,256925,0.56
Umkehrer,586,756683,0.91
Jarzembski,207,507890,0.99
Skordev,508,427165,0.19
Gunderson,417,20720,0.03
Antonisse,401,557911,0.73
Micheaux,360,34288,0.37
Picel,225,266772,0.28
Afsarmanesh,219,347016,0.09
Onaga,804,354963,0.58
Geidmanis,816,583750,0.90
Isern,435,516168,0.76
Prabhakar,225,7303,0.31
Murli,620,904384,0.08
Jameel,603,874318,0.76
Martucci,662,36549,0.28
Kourai,775,112361,0.45
Chvatal,308,336739,0.42
Griswold,608,494113,0.90
Gabalda,231,409788,0.61
Bourassa,414,78365,0.31
Freivalds,787,924494,0.01
Iciki,248,685739,0.13
Hassan,304,611641,0.44
Stacy,973,948900,0.92
Villamor,817,937695,0.85
Gosling,503,438294,0.10
Katzenelson,401,808453,0.21
Styblinski,857,658991,0.62
Kermarrec,320,492446,0.21
Yuzhang,971,831903,0.41
Costa,228,727855,0.19
Toinard,702,52670,0.33
Luke,510,766943,0.44
Welinder,571,364343,0.89
Rosenzweig,727,196660,0.37
Leiba,406,847627,0.84
Masden,775,141793,0.25
Bardell,505,637562,0.29
Toida,270,238824,0.01
Deemter,870,155093,0.89
Pargaonkar,603,240426,0.77
Yannakoudakis,307,860931,0.43
Simos,207,677112,0.79
Carrico,208,286129,0.10
Chepyzhov,303,895328,0.31
Ferretti,501,648552,0.92
Bik,601,961078,0.60
Diaconis,609,736308,0.22
Schweikhardt,337,646733,0.73
Pequeno,832,10905,0.78
Gillo,939,61312,0.34
Sloman,586,382732,0.81
Carlstrom,304,852408,0.52
Giorcelli,801,555779,0.40
Bus,787,259334,0.51
Wode,410,6949,0.93
Macnee,980,189195,0.52
Trucco,732,692371,0.91
Yanagida,502,690038,0.14
Baratchart,947,871519,0.51
Bellmore,931,402262,0.45
McCluskey,304,407358,0.59
Shimamura,907,671621,0.93
Hedger,417,651397,0.16
Scheidler,907,254510,0.74
Houssain,802,1229,0.97
Pook,701,175028,0.32
Thien,901,277274,0.92
Blodorn,702,760906,0.48
Jantke,717,770325,0.32
Yanagida,703,95404,0.19
Molyneaux,337,29572,0.09
Kreveld,856,997875,0.43
Negroponte,802,79588,0.38
Bittner,985,720192,0.47
Goktas,816,80107,0.20
Bazire,770,237742,0.97
Cowen,240,816919,0.04
Berztiss,501,342687,0.09
Back,636,292779,0.19
Pien,785,451681,0.37
Gurbaxani,216,275872,0.17
Weedman,580,600674,0.82
Slavenburg,952,238061,0.90
Walpole,302,141783,0.34
Duran,769,942828,0.86
Berbert,410,629352,0.11
Getto,540,163214,0.47
Simajiri,505,684184,0.47
Minio,503,570466,0.60
Roohalamini,229,849004,0.27
Whiting,269,230109,0.35
Aboutabl,612,659337,0.83
Dighe,704,657224,0.44
Padget,303,707287,0.23
Tomba,918,736560,0.98
Delatizky,980,307213,0.99
Vouros,240,420151,0.32
Lefas,308,928320,0.97
Casotto,815,897417,0.34
Meuser,435,842190,0.56
Billawala,218,512471,0.52
Sykas,787,527492,0.12
Harbane,651,469914,0.06
Wiggert,712,625275,0.63
Foote,920,287244,0.34
Lauer,860,359555,0.31
Motschnig,202,742048,0.61
Braschi,716,674014,0.17
Pinchon,916,134351,0.87
Occello,406,236346,0.58
Raschke,907,993204,0.60
Vittorini,808,212585,0.09
Schumaker,218,75089,0.83
Uchoa,207,833943,0.58
Zwilling,563,815149,0.85
Gammage,567,793110,0.33
Schuette,316,616177,0.98
Krymolowski,409,98484,0.21
Minemura,270,794394,0.06
Illies,253,691226,0.72
McArthur,406,103167,0.26
Pinzani,208,45779,0.49
Poggio,870,403700,0.83
Cotta,302,661204,0.26
Talburt,985,335337,0.51
Maliniak,208,813754,0.47
Megrelis,702,608177,0.61
Greitane,406,455399,0.14
Hernadi,207,156242,0.30
Naslund,775,797051,0.04
Rosenblad,626,679660,0.80
Sessa,248,260144,0.98
Yuguchi,270,92954,0.51
Geldenhuys,401,4843,0.76
Feast,402,272560,0.01
Seggelke,678,539005,0.33
Seireg,907,771888,0.32
Esteves,253,91942,0.05
Boddy,618,102844,0.74
Hikichi,985,902212,0.09
Benton,802,952972,0.14
Minor,402,536187,0.47
Schonhut,775,489241,0.58
Richters,848,350708,0.67
Masand,435,111952,0.17
Ranze,520,202209,0.86
Ince,501,343175,0.20
Brightwell,802,493403,0.92
Pratt,720,379767,0.61
Jankowitz,302,140622,0.54
Gahleitner,859,242614,0.79
Printista,303,224284,0.96
Cincotta,701,288101,1.00
Azarbod,939,80807,0.09
Pavani,208,17577,0.76
Dupuy,401,829563,0.10
Miczo,501,787165,0.92
Bofinger,520,619753,0.61
Molberg,304,707741,0.52
Ranganath,817,565224,0.57
Heiler,316,447857,0.28
Iverson,802,75755,0.84
Kulisch,530,263768,0.54
Musha,925,312910,0.47
Collavizza,907,213004,0.30
Cashman,605,677822,0.67
Lovas,339,494453,0.42
Ball,405,381429,0.66
Wolfson,252,669555,0.50
Gunn,206,767771,0.70
Toinard,208,852892,0.26
Ranum,608,484531,0.10
Doddapaneni,860,241938,0.79
Cowie,202,473304,0.83
Malinowski,847,377079,0.91
Mauldin,720,65571,0.06
Milberg,907,178978,0.96
Lupu,951,80622,0.11
Kropf,651,800496,0.50
Ogurol,513,91440,0.96
Adusumilli,808,836848,0.09
Hibberd,231,313153,0.73
Gerla,317,308270,0.07
Fushchich,859,759058,0.55
Kadesch,802,562857,0.71
Vandenbroeck,207,98101,0.95
Assche,208,117767,0.13
Bencher,605,951058,0.17
Mineiro,703,615984,0.68
Karasan,414,537473,0.20
Muniz,303,569328,0.35
Katsaggelos,802,711741,0.06
Birke,270,799297,0.30
Rachid,605,603684,0.77
Messing,508,194712,0.91
Cassel,907,526170,0.96
Setia,802,433903,0.46
Peterka,573,951249,0.74
Cazalens,302,321171,0.91
Rahola,551,770360,0.08
Drawin,203,91826,0.79
Zwilling,775,821296,0.45
Quasthoff,907,474227,0.26
Podgurski,763,829481,0.14
Bidoit,505,738021,0.41
Meuter,603,587274,0.66
Drawin,417,101730,0.02
Heyman,864,142508,0.61
Massotte,406,974403,0.79
Altus,937,581968,0.70
Hashii,567,279034,0.44
Luks,603,678483,0.23
Chong,740,782705,0.39
Ebeling,614,292698,0.92
Coombs,360,649246,0.53
Kader,360,454641,0.04
Giani,787,439014,0.34
Nooteboom,601,209999,0.54
Tabak,517,711802,0.33
Koutny,939,660301,0.98
Fauth,775,797238,0.13
Irland,769,813902,0.20
Maliniak,360,515149,0.37
Staggers,336,114977,0.72
Kemp,208,621374,0.20
Veccia,907,584928,0.76
McAfee,859,236536,0.84
Tzerpos,989,126089,0.11
Devor,701,786201,0.22
Lebowitz,605,484863,0.09
Surya,860,878127,0.10
Gavrilov,559,526690,0.59
Raither,802,826537,0.75
Ockenfeld,414,808751,0.02
Ikehata,201,16829,0.28
Ronchette,763,605864,0.13
Redmond,602,192409,0.44
Kriplani,318,1000632,0.76
Lucky,253,631445,0.85
Vigoda,802,160578,0.90
Kratochvil,701,650718,0.73
Tack,208,143213,0.55
Sherman,630,337619,0.66
Parter,801,247086,0.24
Widenauer,843,605438,0.95
Jarzembski,706,680789,0.43
Llewellyn,251,818153,0.64
Dundas,484,256556,0.66
Cagman,443,419313,0.20
Zimmermann,319,481443,0.09
Antognini,505,231046,0.92
Detmer,612,319600,0.67
Bongiovanni,251,935739,0.78
Abandah,801,479476,0.29
Lugli,207,480498,0.57
Yapp,971,106648,0.09
Rubia,513,199283,0.59
Slutz,252,805804,0.35
Hasida,920,974661,0.89
Penttonen,803,478568,0.82
Kiesel,630,44069,0.81
Garnick,219,625821,0.80
Salustowicz,765,577853,0.86
Kitsuregawa,319,798086,0.82
Ortmann,603,892051,0.21
Wasacz,615,291814,0.99
Tomek,225,665679,0.84
Piricka,860,964629,0.76
Thies,207,130730,0.57
Grand,202,874236,0.74
Dao,910,892725,0.09
Bathgate,828,691026,0.71
Andrzejak,641,440320,0.58
Greitane,936,950288,0.01
Guaiana,787,368566,0.87
Wolniewicz,603,20214,0.90
Ferhatosmanoglu,208,911379,0.54
Bijlsma,802,510245,0.88
Lavington,480,492813,0.55
Don,262,161471,0.21
Klyachko,860,53989,0.90
Vutukuru,406,520268,0.38
Zagrouba,916,790568,0.63
Ash,505,360639,0.97
Ariyawansa,601,333587,0.20
Tamches,860,205502,0.94
Meyrowitz,601,228537,0.88
Poll,435,741495,0.24
Arcos,573,422564,0.34
Rubsam,423,429245,0.80
Singleton,631,766873,0.34
Kontovasilis,320,65977,0.31
Awdeh,401,622510,0.81
Hodzic,828,499791,0.86
Rindone,402,133465,0.56
Kriegman,803,657856,0.21
Castelli,801,14396,0.28
Anguita,972,998168,0.53
Pils,402,855107,0.77
Futtersack,269,834925,0.13
Dybig,401,54940,0.94
Smithline,251,156643,0.62
Snelling,907,265262,0.15
Iwadera,386,882167,0.48
Guoxing,601,964260,0.37
Naccarato,206,850966,0.59
Hinterberger,225,992040,0.71
Guckenheimer,203,672159,0.35
NDong,262,521108,0.81
Jesty,701,498607,0.35
Reeken,863,676404,0.62
Kunieda,423,710887,0.01
Renz,701,608951,0.25
Collatz,302,726830,0.82
Plesow,904,603563,1.00
Rivieres,940,420286,0.98
Orponnen,734,489802,0.32
Ehrenfeucht,308,701296,0.96
Ellozy,520,300063,0.91
DeGroot,920,498026,0.18
Ophelders,435,517662,0.93
Valtchev,939,182454,0.80
Dunham,910,386187,0.71
Hitzelberger,903,793809,0.21
Majewski,636,777130,0.76
Peter,603,929560,0.89
Fritzsche,971,756631,0.79
Lechtenborger,712,277172,0.04
Blackard,515,591425,0.11
Kakkar,937,325377,0.13
Serna,802,885143,0.94
Dionysian,907,703314,0.86
Ishizuka,620,87659,0.51
Businaro,304,173737,0.61
Wabbi,641,535716,0.60
Bhoedjang,219,372462,0.03
Koppstein,802,904927,0.49
Vogley,920,85097,0.01
Haftevani,202,748532,0.96
Maliniak,619,166925,0.73
Vassilyev,701,38749,0.93
Shekita,269,382742,0.03
Gulla,307,132691,0.15
Seymour,615,313847,0.28
Junkin,203,236658,0.78
Hartmann,973,220374,0.14
Norsworthy,906,968283,0.13
Baumann,815,558872,0.99
Brambilla,806,74972,0.81
Galand,808,44984,0.86
Wijshoff,509,777424,0.76
Koubarakis,860,943644,0.04
Evers,430,209925,0.26
Ghelli,802,450275,0.21
Rector,704,288252,0.41
Lotfi,720,241172,0.20
Coover,208,403860,0.63
Jelasity,207,994301,0.08
Marsiglia,515,980826,0.01
Mozeico,803,946000,0.55
Plavsic,660,929374,0.99
Crooks,878,499406,0.66
Rigo,702,694671,0.95
Fitschen,406,794905,0.16
Galatescu,939,452851,0.24
Kishida,814,476465,0.50
Tekampe,406,574723,0.29
Heffernan,907,285258,0.72
Maiorov,307,111901,0.04
Embury,504,479046,0.02
Drayer,571,155766,0.39
Gentleman,651,567196,0.05
Mikschl,928,95627,0.82
Sugawara,954,954680,0.84
Tassinari,562,76789,0.85
Poix,208,771740,0.50
Baj,425,43715,0.24
Gazzotti,208,368950,0.34
Engelmann,765,334796,0.07
Whinston,808,594307,0.01
Karush,216,52797,0.88
Lafond,608,229360,0.62
Sindoni,702,753519,0.49
Spork,971,151481,0.71
Pino,209,889204,0.37
Callen,808,770768,0.38
Khasidashvili,302,625418,0.83
Ekman,423,141590,0.71
Fleckenstein,503,869376,0.75
Ikei,906,738050,0.94
Rosenbloom,336,404223,0.66
Kabuo,208,595605,0.89
Ball,769,644798,0.19
Hirshfield,989,38553,0.54
Hegron,787,146525,0.17
Lieflander,505,730638,0.13
Rivenburgh,412,389952,0.43
Debelack,504,963152,0.18
Weicker,641,144086,0.92
Zlatea,234,498887,0.78
Walstra,541,714145,0.79
Shigei,860,468378,0.59
Toledo,920,786850,0.98
Waeselynck,787,753528,0.04
Crutchfield,701,177144,0.53
Linnemann,410,855911,0.65
Golovchinsky,775,111952,0.48
Beeferman,435,683897,0.25
Vogler,507,41645,0.74
Bellairs,843,374564,0.26
Carboni,580,633491,0.41
Iwanski,406,886193,0.49
Baik,772,923057,0.10
Pangrle,313,953125,0.34
Lauer,321,898833,0.61
Cromarty,860,90613,0.24
Peot,414,178952,0.59
Linardis,541,874961,0.58
Breeding,240,523808,0.50
Carey,267,867426,0.10
Pinchon,703,717289,0.51
Edupuganty,207,229026,0.25
Fasbender,504,997090,0.24
Merkl,712,213665,0.23
Weischedel,208,325966,0.16
Baj,502,194744,0.18
Danziger,804,138759,0.65
Bernini,302,932133,0.21
Basili,808,204158,0.86
Monarch,808,155305,0.75
Jumpertz,260,725018,0.38
Fanchon,701,694674,0.26
Lange,520,947191,0.40
Bruni,316,632624,0.91
Salvail,970,950836,0.90
Brunovsky,619,439828,0.11
Tusera,939,455729,0.17
Ruget,302,119751,0.37
Borzovs,701,788430,0.23
Rosenbaum,605,999507,0.00
Fordan,317,650733,0.83
Pezze,202,757682,0.41
Halfin,612,374651,0.45
Collings,907,897136,0.61
Rais,516,410237,0.68
Thacker,302,640122,0.26
Romeuf,906,478562,0.14
Henson,208,751037,0.65
Rothstein,810,200212,0.61
Royle,802,524234,0.88
Koppstein,567,400858,0.70
Zdrahal,580,471262,0.91
Jonckers,541,743733,0.46
Taka,425,27098,0.79
Wheen,434,49894,0.83
Hadar,862,93599,0.64
Renner,623,22921,0.52
Chappelet,715,737118,0.46
Reeve,907,590376,0.46
Ormicki,505,821401,0.84
Murai,262,130642,0.16
Kinsman,802,441242,0.84
Plutat,971,506395,0.45
Hallowell,304,713182,0.03
Comparetto,330,383140,0.24
McKie,202,670828,0.64
Prins,406,806953,0.70
Farines,406,109062,0.24
Abelha,707,910187,0.08
Eleser,218,75749,0.68
Haddley,785,705172,0.27
Ozery,701,143565,0.40
Darche,207,48215,0.27
Mausberg,708,898974,0.45
Bodik,302,627297,0.56
Giles,541,852458,0.81
Soleimanipour,406,629219,0.79
Riguzzi,269,690060,0.65
Carleton,406,87294,0.82
Chiueh,612,263917,0.55
Derry,302,259997,0.98
Zislis,206,154808,0.26
Zivojnovic,501,632540,0.20
Skeppstedt,202,692116,0.67
Bleichenbacher,757,3495,0.23
Pflugl,703,741157,0.32
Brazier,202,631201,0.59
Voiskunskii,405,631852,0.15
Impagliazzo,850,5004,0.33
Rokusawa,307,40623,0.66
Tomov,860,886701,0.96
Sureson,605,800008,0.11
Lantz,307,641686,0.85
Abeck,636,862628,0.48
Favero,605,423005,0.34
Schlattmann,308,609656,0.42
Clearwater,810,186411,0.41
Chaudhuri,920,544522,0.11
Katiyar,505,92188,0.32
Furman,907,263129,0.04
Anderssen,601,712040,0.46
Mashey,301,22037,0.66
Korach,240,587190,0.05
Kermode,410,980379,0.52
Tapanainen,308,117366,0.70
Tonnesen,785,182595,0.87
Blache,832,139631,0.15
Reipa,507,853404,0.99
Tomeh,217,402768,0.33
Czeck,618,971127,0.10
Sergot,316,497137,0.83
Croitoru,319,68408,0.11
Baldoni,504,186726,0.57
McEneaney,202,11102,0.12
Pinz,605,213211,0.40
Bathgate,405,929938,0.66
Gursel,814,109827,0.93
Coatta,907,961753,0.34
Bahr,971,394397,0.70
Guting,208,613811,0.53
Bui,606,347042,0.16
Lenkov,425,811783,0.23
Ullah,541,864569,0.35
Annaratone,202,654557,0.87
Nawawi,586,892455,0.76
Hobbs,719,813070,0.16
Baucke,860,613739,0.50
Autin,401,92419,0.87
Partee,970,95961,0.50
Sione,971,466902,0.65
Pine,603,172938,0.37
Bencher,479,920672,0.66
Peuto,315,286765,0.21
Milgrom,410,608379,0.99
Ruger,646,551167,0.78
Kuninobu,859,284338,0.60
Tierney,878,895294,0.97
Alwar,540,836165,0.36
Astor,219,674403,0.82
Deen,208,424402,0.77
Hebisch,270,661656,0.67
Zapatrin,775,546086,0.69
Tardieu,816,246286,0.66
Antonacci,769,749994,0.90
Hettesheimer,307,425756,0.38
Wicinski,360,793384,0.00
McCrosky,918,390666,0.57
Sanetoh,706,434922,0.29
Groendijk,734,185933,0.25
Freundlich,501,951983,0.02
Kadyamatimba,208,543623,0.25
Koppel,541,416208,0.37
Cai,786,442352,0.48
Sluis,202,821594,0.14
Backer,787,945392,0.26
Flagg,803,401979,0.64
Cieplinski,217,287978,0.02
Dahlhaus,207,936018,0.44
Thibeault,402,997499,0.34
Braschler,402,957284,0.35
Deffuant,410,104602,0.38
Drawin,605,642069,0.95
Wiegley,978,492910,0.18
Abdelmoty,706,45584,0.99
Sahidar,785,315311,0.35
DuCasse,260,984162,0.09
Barroca,580,357685,0.60
Miremadi,937,456653,0.71
Afsarmanesh,435,265036,0.47
Henftling,936,34593,0.36
Reipa,260,116336,0.13
Ermel,515,180160,0.53
Springer,505,31464,0.92
Viccari,203,945086,0.49
Danielsson,919,999450,0.49
Parascandalo,252,275992,0.06
Cappelletti,939,844690,0.34
Litvinov,203,70162,0.77
Cleary,973,699190,0.58
Arefi,630,830690,0.52
Cater,810,757537,0.07
Cuadrado,435,709654,0.01
Curless,907,802939,0.62
Fosse,907,681216,0.75
Lampert,720,686057,0.85
Faria,503,271653,0.07
Bodor,308,128750,0.61
Biryukov,785,285280,0.03
Hodge,843,544353,0.42
Handzel,302,641853,0.82
Jervis,660,555911,0.26
Bra,217,896917,0.66
Salveter,505,920382,0.17
Antonellis,305,588267,0.35
Sahulka,952,581137,0.87
Aigrain,240,303023,0.28
Whitely,936,985683,0.66
Munawer,443,901845,0.88
Blum,862,406575,0.95
Hedger,509,265929,0.47
Rotolo,712,160481,0.58
Bodei,260,555524,0.90
Petho,307,341624,0.17
Blache,307,120795,0.78
Kaes,574,379736,0.85
Hepplewhite,307,721520,0.21
Lanfear,567,881363,0.50
Kugelmass,727,909912,0.89
Cui,270,898875,0.23
Ripplinger,504,657312,0.83
Tani,605,719197,0.86
Osisek,980,368500,0.71
Papastavrou,878,810317,0.80
Parisi,401,852672,0.15
Ambrosetti,781,271927,0.15
Sleumer,478,154284,0.82
Piela,360,224367,0.17
Kalefeld,802,548352,0.05
Uehara,973,265339,0.74
Baudet,251,855108,0.50
Keng,603,7489,0.14
Korcuska,480,394472,0.98
Rosenmann,818,416037,0.93
Noltemeier,423,806003,0.19
Imbert,405,254508,0.41
Tretiakoff,601,469910,0.04
Roijakkers,417,487866,0.79
Takanami,708,220289,0.77
Leathers,606,123025,0.17
Tausch,713,376810,0.71
Alsuwaiyel,912,397303,0.54
Usui,843,592761,0.17
Tomek,718,679562,0.33
Nomura,907,425032,0.25
Dunbar,651,132521,0.90
Elwell,202,619626,0.31
Martella,843,210170,0.14
Coggins,585,243093,0.81
Beal,406,869868,0.41
Muckstadt,307,936376,0.84
Kadobayashi,928,607889,0.63
Feinberg,308,689277,0.10
Horspool,912,214307,0.18
Krichel,769,102016,0.58
Basarab,325,199209,0.55
Therien,304,48040,0.55
Eastaughffe,907,583555,0.60
Normand,541,869921,0.39
Rich,843,730431,0.58
Schittenkopf,302,727508,0.67
Verpoorten,409,916276,0.71
Pathak,402,340046,0.76
Plesniewicz,917,737536,0.62
Krohn,859,209445,0.70
Thackray,603,185174,0.64
Aho,337,888473,0.97
Mints,808,585634,0.02
Lienhardt,815,359896,0.57
Maderna,802,914580,0.55
Hutflesz,202,414386,0.70
Drenth,808,776931,0.45
Besancenot,225,839231,0.46
Cullinane,808,953343,0.52
Herbst,207,572581,0.70
Flasterstein,803,846209,0.63
Krolokowski,336,726143,0.15
Klassen,302,108529,0.90
Weissberg,307,500723,0.45
Uchoa,603,142589,0.13
Smailagic,818,438725,0.85
Bean,713,369780,0.74
Royce,808,567151,0.97
Braams,956,536229,0.59
Gennip,609,566895,0.00
Krupka,402,264984,0.36
Biron,769,385569,0.87
Sigillito,314,620607,0.69
Gerla,401,42134,0.35
Guiu,513,984894,0.85
Demke,602,888104,0.82
Lenders,321,993460,0.25
Callon,620,615184,0.95
Lalanda,605,429531,0.98
Krumm,515,909264,0.57
Feldmesser,910,416992,0.95
Roxin,334,314307,0.47
Gumb,603,149308,0.65
Zuzuki,701,133940,0.65
Korcuska,907,135355,0.82
Rasse,435,69918,0.78
Rive,360,665874,0.33
Mahmud,706,101702,0.02
Verhoosel,573,427916,0.55
Angeline,703,365345,0.00
Artosi,228,652355,0.95
Machiraju,907,273970,0.98
Moussiaux,806,624515,0.45
Berc,505,782036,0.73
Mitlohner,207,267853,0.29
Baur,502,148193,0.09
Pitchumani,610,915191,0.45
Moshkow,626,978868,0.77
Malinowski,276,674144,0.77
Weller,480,997409,0.51
Bing,207,906739,0.84
Furlani,334,73850,0.37
Freuder,606,982639,0.76
Petterson,662,268579,0.28
Seggelke,202,83818,0.09
Gust,256,746158,0.36
Coombs,662,880394,0.68
Borchering,605,406221,0.08
Herget,703,431514,0.79
Lattin,304,405376,0.43
Rehg,973,952347,0.25
Peris,848,895638,0.98
Stolovitch,419,787987,0.14
Iyengar,502,951279,0.96
Marchukov,253,433483,0.32
Sagayama,805,895736,0.70
Quesada,662,521397,0.48
Noga,602,688282,0.46
Cottman,814,397633,0.93
Schoder,215,386608,0.87
Bergere,662,1001944,0.06
Bartscht,207,575867,0.34
Dubernard,603,940215,0.87
Subramanya,985,52442,0.98
Kent,931,722675,0.18
Kheradpir,530,138403,0.35
Daskalova,313,405801,0.53
Bhavnani,620,679689,0.10
Wijk,620,482100,0.52
Ketz,304,496008,0.97
Halverson,720,689618,0.08
Shimono,435,720459,0.72
Villarreal,208,226567,0.34
Belzer,218,901866,0.71
Alencar,641,626645,0.68
Hagerman,202,140953,0.10
Roytenberg,701,574662,0.49
Mittra,720,807037,0.02
Lycklama,334,261101,0.25
Guerriero,914,856116,0.81
Boers,321,133133,0.40
Fuchs,907,850825,0.53
Pfefferer,202,266305,0.87
Batzoglou,973,620507,0.50
Grnarov,802,174312,0.37
Ventsov,918,178868,0.09
Delgrande,860,919016,0.37
Matheson,251,626882,0.80
Jiafu,712,28626,0.57
Lidinsky,563,617065,0.98
Jezioranski,330,862325,0.82
Panienski,401,1001158,0.02
Itazaki,336,430779,0.91
Hemerly,201,352865,0.63
Moliner,662,41143,0.05
Klefstad,410,344843,0.67
Dayang,769,560367,0.27
Scholler,330,792952,0.13
Braham,641,729776,0.77
Pool,419,751175,0.30
Francisci,209,261014,0.06
Marsala,401,105010,0.89
Vijayan,303,605736,0.49
Saslan,208,189208,0.64
Halpern,907,513613,0.06
Zongker,203,871659,0.22
Jouppi,865,764517,0.90
Pinon,309,429232,0.38
Zislis,954,559488,0.78
Bottenbruch,706,253726,0.48
Sgarro,682,405610,0.43
Buttyan,501,439610,0.14
Casley,757,345769,0.26
Groenemans,404,548493,0.46
Rowen,502,505873,0.33
Daskalova,251,81373,0.41
Fontaine,508,265288,0.16
Schrickx,808,190839,0.02
Renous,308,247790,0.06
Harrang,701,850621,0.88
Hogstedt,541,349552,0.29
Duc,224,476287,0.54
Mikkilineni,253,463969,0.54
Caticha,603,135338,0.80
Sigal,774,284858,0.53
Tautges,406,955713,0.14
Nytro,580,237208,0.33
Shepherd,402,161545,0.56
Anick,603,852850,0.79
Kazakov,815,746414,0.96
Thulasiraman,307,480991,0.89
Opatrny,205,2454,0.84
Tyszer,802,199148,0.29
Rand,208,687376,0.82
Schmidt,769,130557,0.83
Brophy,208,598084,0.36
Miara,234,677377,0.00
Peral,907,600338,0.01
Potthoff,939,984492,0.32
Kitaev,860,369084,0.55
Megrelis,251,532555,0.39
Cowen,202,915822,0.24
Drettakis,303,334565,0.54
Gofman,775,731154,0.81
Cliff,770,612569,0.73
Yetto,202,919881,0.15
Abdulazizoglu,443,873414,0.31
Heping,208,266142,0.16
Panagopoulou,302,367089,0.04
Bongiovanni,571,530308,0.74
Isakowitz,701,188593,0.03
Reedy,302,628630,0.36
Ponighaus,316,68585,0.35
Giaccio,660,408384,0.27
Smotherman,262,312514,0.96
Nakatake,816,692064,0.16
Rehak,720,706137,0.85
Bernsen,732,506644,0.65
Dredge,480,58484,0.02
Haddadi,713,568798,0.27
Coradeschi,504,749495,0.64
Hatsagi,206,521051,0.35
Proskurowski,801,651089,0.93
Krikis,606,37324,0.57
Frattolillo,310,418991,0.41
Getov,920,839366,0.10
Pinkston,320,428749,0.25
Wenger,573,164419,0.06
Leahy,859,641423,0.30
Cicchetti,787,351737,0.05
Kessler,702,862262,0.23
Danneberg,605,248105,0.80
Luit,207,563372,0.33
Verster,712,144793,0.16
Lichtman,207,495362,0.77
Majewski,505,226488,0.04
Ledeniov,540,826915,0.87
Aboutabl,608,93738,0.83
Court,775,842325,0.74
Carrive,321,3738,0.54
Yabe,785,548374,0.14
Lally,435,492366,0.67
Tickle,507,945597,0.41
Malkhi,870,854183,0.04
Ermel,601,276138,0.48
Hoeij,801,228761,0.95
Iivonen,269,918532,0.93
Cheiney,352,290030,0.27
Ancourt,315,770995,0.65
Newstetter,731,861457,0.71
Bourcier,909,579665,0.82
Czech,939,185600,0.61
Fessel,619,296228,0.67
Bauknecht,208,970770,0.56
Geertgens,301,83972,0.14
Cosette,302,341243,0.89
Pekkanen,319,352725,0.77
Viola,302,964559,0.03
Hooghiemstra,406,8548,0.42
Kowarski,773,297306,0.57
McNeill,952,597354,0.61
Aboulnaga,302,603077,0.41
Gotoda,520,474159,0.73
Meszaros,302,14786,0.81
Rehm,808,229990,0.19
McNeill,256,664154,0.93
Crestin,414,551981,0.04
Babin,205,576952,0.67
Lawry,803,224121,0.66
Kappner,913,136010,0.72
Rosenkrantz,567,693329,0.34
Spirn,218,136503,0.04
Wetherbe,843,600012,0.35
Ilin,754,802369,0.83
Chute,208,165526,0.50
Streng,781,742238,0.04
Haemer,515,283079,0.20
Brimkov,308,1000580,0.56
Bruma,808,381322,0.84
Broscius,605,704286,0.28
Minsker,267,137228,0.79
Rahier,513,199401,0.40
Bittar,480,203010,0.93
Golichowski,801,999410,0.63
Gawecki,770,515163,0.50
Ballim,202,368447,0.72
Ariyoshi,775,323938,0.38
Holtman,603,832296,0.47
Ashton,402,392682,0.25
Cover,208,256336,0.19
Graft,224,302198,0.20
Takano,406,550732,0.70
Takiguchi,605,34240,0.45
Nute,410,155146,0.20
Suter,928,833794,0.75
Viguier,651,18140,0.31
Cosmadopoulos,304,223605,0.94
Grand,501,400509,0.93
Thier,573,973714,0.61
Dahn,701,213055,0.08
Tekampe,985,15025,0.60
Schiefer,973,532791,0.35
Oxman,307,805776,0.17
Llorente,806,549655,0.89
Falby,939,264606,0.32
Bahnasawi,509,408978,0.09
Coney,309,536432,0.76
Akbar,309,109582,0.53
Schwartzburd,814,121372,0.11
Ballim,503,107990,0.48
Dervin,808,203449,0.50
Mahafzah,234,23798,0.54
Stamenas,708,792393,0.73
Benn,956,308979,0.96
Oeltjen,619,265875,0.58
Harbison,207,558920,0.26
Navazio,207,356905,0.17
Kodialam,307,832750,0.24
Zimowski,443,537271,0.21
Berbert,808,246063,0.51
Flich,435,796409,0.41
Merli,509,930396,0.42
Zendler,608,190272,0.23
Schapire,602,784893,0.08
Fasbender,805,848771,0.99
Yarnikh,913,667989,0.74
Zonno,541,195852,0.24
Terral,414,807732,0.98
Vecchi,571,671766,0.60
Murtha,307,724407,0.58
Majors,701,496982,0.02
Bensard,952,887736,0.34
Isakowitz,202,246549,0.99
Shiode,724,662907,0.93
Nisiyama,732,712403,0.69
Wika,316,827311,0.40
Anido,985,240273,0.05
Sanden,802,929397,0.90
Shewchuk,707,771344,0.44
Martyna,307,580028,0.45
Battaglia,207,475781,0.43
Hladka,769,442884,0.60
Smotroff,302,646461,0.98
Androutsopoulos,207,287560,0.06
Koeller,302,753533,0.91
Borzovs,918,270224,0.91
Nepomnjashchaja,414,812880,0.72
Rachui,571,785495,0.93
Lapez,860,30059,0.54
Kohling,401,680515,0.06
Scofield,915,472960,0.29
Lapkowski,252,536259,0.95
Stauduhar,980,368718,0.79
Piccoli,843,944776,0.24
Cromarty,786,528228,0.95
Coven,912,826970,0.79
Winograd,951,619296,0.68
Loganantharaj,815,966160,0.48
Hoenkamp,601,308280,0.94
Bazzichi,276,706771,0.15
Weismantel,408,116940,0.73
Plotkin,915,752780,0.96
Konomi,574,374100,0.85
Meuser,720,961479,0.21
McNaught,918,334042,0.64
Bikson,270,241692,0.46
Salvaneschi,435,499745,0.82
Oskamp,315,478747,0.86
Suessmith,405,435280,0.40
Meriste,608,218309,0.13
Pedicini,256,512224,0.35
Dyckhoff,413,184194,1.00
Sigle,507,731406,0.22
Ferragina,308,370904,0.88
Anido,615,635321,0.73
Falgout,978,148448,0.36
Boy,208,527668,0.56
Miyakawa,939,520135,0.00
Mossack,202,818117,0.25
Ramsdell,617,850898,0.70
Gente,978,187451,0.55
Reese,601,416442,0.34
Skatulla,202,195097,0.47
VanHilst,707,794529,0.09
Ogurol,208,406334,0.02
Jockusch,701,314552,0.97
Nishizeki,701,664688,0.61
Talbott,479,273302,0.49
Baya,407,926756,0.34
Decugis,302,877097,0.19
Grohoski,603,847339,0.31
Okuhata,571,129920,0.92
Nogi,775,561340,0.82
Magenheimer,443,653775,0.13
Vural,312,416416,0.81
Esch,207,3545,0.33
Gurd,620,474004,0.20
Drakopoulos,505,701564,0.77
dAcierno,402,662236,0.48
Batz,319,450567,0.80
Cappello,314,396359,0.05
Kalkbrener,603,212534,0.43
Degtyarev,603,600918,0.44
Dolinsky,702,559686,0.22
Sussmann,252,796930,0.65
Krishna,308,535119,0.98
Ayari,813,291746,0.63
Trunk,210,689932,0.61
Horiguchi,208,213907,0.22
Meusel,860,954050,0.70
Carli,406,922647,0.30
Boughanem,212,329045,0.48
Yamashita,919,761446,0.10
Spray,860,375471,0.97
Delannoy,302,200006,0.21
Pollock,276,129230,0.20
Koitz,563,117708,0.09
Villani,225,625223,0.22
Bivins,405,250759,0.70
Greenaway,501,178509,0.34
Snedden,402,495841,0.14
Heberlein,720,800218,0.84
Simos,316,798049,0.09
Kaisler,308,671149,0.97
Diebold,573,846345,0.43
Hegenbarth,603,375765,0.55
Roodyn,208,574414,0.60
Tichkiewitch,202,702793,0.21
Fouquere,908,368991,0.92
Ratuski,850,554737,0.38
Graw,512,990201,0.21
Gilmore,330,175231,0.81
Koutny,302,917163,0.52
Kroeker,303,293806,0.69
Rall,781,313181,0.47
Alewine,401,274932,0.19
Farrel,240,705055,0.09
Sanada,402,418054,0.34
Heljanko,808,964420,0.48
Loulergue,434,598214,0.17
Schell,406,3725,0.71
Vakili,787,401173,0.49
Klerer,301,980568,0.13
Dileva,603,74453,0.66
Katiyar,702,735688,0.98
Houghland,563,961590,0.41
Gyenizse,802,247274,0.67
Roubiere,612,103251,0.57
Easwarakumar,207,602252,0.35
Gaborit,410,416601,0.14
Ramseyer,603,77965,0.27
Gotoda,503,219660,0.41
Pepe,501,763540,0.99
Anselstetter,307,121848,0.73
Laval,260,383085,0.96
Engberts,860,572720,0.85
Kahabka,203,381055,0.33
Missinai,571,401633,0.23
Gobioff,843,626946,0.14
Elliman,712,515883,0.49
Clough,304,894687,0.07
Sulack,603,716677,0.28
Weener,423,207363,0.21
Weistroffer,701,925430,0.72
Burgett,630,873167,0.53
Chickermane,508,878430,0.95
Moshell,808,572273,0.41
Kisuki,479,663750,0.46
Salmen,540,970695,0.18
Wavrik,207,391735,0.24
McMahon,971,527522,0.22
Sobieski,828,144595,0.34
Riguzzi,605,331871,0.93
Dreux,919,499645,0.73
Obtulowicz,603,752846,0.00
